order_id,order_date,customer_id,customer_name_x,origin_channel,country_region,city,state,postal_code,region,category,sub_category,product_id,sales,quantity,discount,profit,arrival_scan_date,customer_name_y,order_lead_time,order_lead_time_int,order_weekday,arrival_weekday,order_weekday_int,arrival_weekday_int,order_lead_time_int_no_weekend
CA-2019-145625,2019-09-11,KC-16540,Kelly Collister,Email,United States,San Diego,California,92037.0,West,Special Projects Muesil,Gluten Free,TEC-AC-10003832,3347.37,13,0.0,636.0003,2019-09-23,Kelly Collister,12 days,12,Wednesday,Monday,3,1,8
CA-2019-162138,2019-04-23,GK-14620,Grace Kelly,Sales,United States,Hesperia,California,92345.0,West,Special Projects Muesil,Gluten Free,TEC-AC-10001908,99.99,1,0.0,34.9965,2019-05-06,Grace Kelly,13 days,13,Tuesday,Monday,2,1,9
CA-2019-169166,2019-05-09,SS-20590,Sonia Sunley,Email,United States,Seattle,Washington,98115.0,West,Special Projects Muesil,Gluten Free,TEC-AC-10000991,93.98,2,0.0,13.1572,2019-05-20,Sonia Sunley,11 days,11,Thursday,Monday,4,1,7
CA-2020-131954,2020-01-21,DS-13030,Darrin Sayre,Facebook,United States,Seattle,Washington,98115.0,West,Special Projects Muesil,Gluten Free,TEC-AC-10003610,179.97,3,0.0,86.3856,2020-02-03,Darrin Sayre,13 days,13,Tuesday,Monday,2,1,9
CA-2019-102981,2019-09-06,MO-17500,Mary O'Rourke,Email,United States,New York City,New York,10035.0,East,Special Projects Muesil,Gluten Free,TEC-AC-10004761,31.86,2,0.0,11.151,2019-09-16,Mary O'Rourke,10 days,10,Friday,Monday,5,1,6
CA-2019-168081,2019-04-24,CA-12055,Cathy Armstrong,Facebook,United States,Houston,Texas,77070.0,Central,Special Projects Muesil,Gluten Free,TEC-AC-10003174,258.696,3,0.2,64.674,2019-05-06,Cathy Armstrong,12 days,12,Wednesday,Monday,3,1,8
CA-2019-119186,2019-05-26,MS-17710,Maurice Satty,Email,United States,Fort Worth,Texas,76106.0,Central,Special Projects Muesil,Gluten Free,TEC-AC-10000580,63.992,1,0.2,-7.1991,2019-05-31,Maurice Satty,5 days,5,Sunday,Friday,7,5,4
CA-2019-124485,2019-11-24,NC-18340,Nat Carroll,Email,United States,New York City,New York,10035.0,East,Special Projects Muesil,Gluten Free,TEC-AC-10002323,88.4,4,0.0,11.492,2019-12-02,Nat Carroll,8 days,8,Sunday,Monday,7,1,5
CA-2020-115994,2020-01-28,BT-11305,Beth Thompson,Facebook,United States,Costa Mesa,California,92627.0,West,Special Projects Muesil,Gluten Free,TEC-AC-10000580,239.97,3,0.0,26.3967,2020-02-06,Beth Thompson,9 days,9,Tuesday,Thursday,2,4,7
CA-2019-106530,2019-05-08,CL-12565,Clay Ludtke,Email,United States,Cleveland,Ohio,44105.0,East,Special Projects Muesil,Gluten Free,TEC-AC-10001465,58.112,2,0.2,7.264,2019-05-13,Clay Ludtke,5 days,5,Wednesday,Monday,3,1,3
CA-2019-128531,2019-11-24,NS-18505,Neola Schneider,Email,United States,Dallas,Texas,75217.0,Central,Special Projects Muesil,Gluten Free,TEC-AC-10002049,297.576,3,0.2,-7.4394,2019-12-03,Neola Schneider,9 days,9,Sunday,Tuesday,7,2,6
CA-2020-117870,2020-01-27,JH-15820,John Huston,Email,United States,Kent,Ohio,44240.0,East,Special Projects Muesil,Gluten Free,TEC-AC-10000927,71.976,3,0.2,-8.997,2020-02-06,John Huston,10 days,10,Monday,Thursday,1,4,8
CA-2020-140949,2020-03-17,DB-13405,Denny Blanton,Email,United States,New York City,New York,10011.0,East,Special Projects Muesil,Gluten Free,TEC-AC-10002399,57.06,3,0.0,18.2592,2020-03-30,Denny Blanton,13 days,13,Tuesday,Monday,2,1,9
CA-2019-124506,2019-11-11,BB-11545,Brenda Bowman,Sales,United States,Chicago,Illinois,60623.0,Central,Special Projects Muesil,Gluten Free,TEC-AC-10003280,95.968,4,0.2,1.1996,2019-11-25,Brenda Bowman,14 days,14,Monday,Monday,1,1,10
CA-2020-104801,2020-02-13,FH-14350,Fred Harton,Email,United States,Seattle,Washington,98105.0,West,Special Projects Muesil,Gluten Free,TEC-AC-10001838,799.96,4,0.0,343.9828,2020-02-24,Fred Harton,11 days,11,Thursday,Monday,4,1,7
CA-2019-147536,2019-12-26,AR-10510,Andrew Roberts,Email,United States,New York City,New York,10024.0,East,Special Projects Muesil,Gluten Free,TEC-AC-10003280,89.97,3,0.0,18.8937,2020-01-06,Andrew Roberts,11 days,11,Thursday,Monday,4,1,7
CA-2020-125115,2020-04-10,RD-19930,Russell D'Ascenzo,Email,United States,Austin,Texas,78745.0,Central,Special Projects Muesil,Gluten Free,TEC-AC-10001714,95.736,3,0.2,20.3439,2020-04-14,Russell D'Ascenzo,4 days,4,Friday,Tuesday,5,2,2
CA-2019-168536,2019-12-20,SC-20800,Stuart Calhoun,Email,United States,Jackson,Mississippi,39212.0,South,Special Projects Muesil,Gluten Free,TEC-AC-10002323,66.3,3,0.0,8.619,2019-12-30,Stuart Calhoun,10 days,10,Friday,Monday,5,1,6
CA-2019-137673,2019-09-05,ML-17395,Marina Lichtenstein,Sales,United States,San Diego,California,92105.0,West,Special Projects Muesil,Gluten Free,TEC-AC-10002345,116.0,8,0.0,29.0,2019-09-16,Marina Lichtenstein,11 days,11,Thursday,Monday,4,1,7
US-2019-131674,2019-11-29,NC-18535,Nick Crebassa,Sales,United States,Dallas,Texas,75217.0,Central,Special Projects Muesil,Gluten Free,TEC-AC-10004864,58.416,2,0.2,16.7946,2019-12-10,Nick Crebassa,11 days,11,Friday,Tuesday,5,2,7
CA-2019-156503,2019-10-14,NC-18415,Nathan Cano,Email,United States,Jacksonville,North Carolina,28540.0,South,Special Projects Muesil,Gluten Free,TEC-AC-10002473,22.704,1,0.2,5.9598,2019-10-28,Nathan Cano,14 days,14,Monday,Monday,1,1,10
US-2019-163881,2019-11-24,SP-20860,Sung Pak,Sales,United States,Los Angeles,California,90036.0,West,Special Projects Muesil,Gluten Free,TEC-AC-10003033,659.9,2,0.0,217.767,2019-12-06,Sung Pak,12 days,12,Sunday,Friday,7,5,9
CA-2019-111493,2019-10-21,CM-12160,Charles McCrossin,Email,United States,Baltimore,Maryland,21215.0,East,Special Projects Muesil,Gluten Free,TEC-AC-10004510,98.16,6,0.0,9.816,2019-10-28,Charles McCrossin,7 days,7,Monday,Monday,1,1,5
US-2019-169369,2019-12-12,EC-14050,Erin Creighton,Email,United States,Columbus,Georgia,31907.0,South,Special Projects Muesil,Gluten Free,TEC-AC-10001314,249.95,5,0.0,19.996,2019-12-24,Erin Creighton,12 days,12,Thursday,Tuesday,4,2,8
CA-2020-162033,2020-03-26,EM-14200,Evan Minnotte,Facebook,United States,Virginia Beach,Virginia,23464.0,South,Special Projects Muesil,Gluten Free,TEC-AC-10003116,53.25,3,0.0,20.7675,2020-04-07,Evan Minnotte,12 days,12,Thursday,Tuesday,4,2,8
CA-2020-123085,2020-03-03,EJ-13720,Ed Jacobs,Email,United States,Los Angeles,California,90008.0,West,Special Projects Muesil,Gluten Free,TEC-AC-10000990,1049.44,8,0.0,440.7648,2020-03-16,Ed Jacobs,13 days,13,Tuesday,Monday,2,1,9
CA-2019-109827,2019-12-25,LW-16825,Laurel Workman,Sales,United States,Phoenix,Arizona,85023.0,West,Special Projects Muesil,Gluten Free,TEC-AC-10002217,45.12,3,0.2,-7.896,2020-01-07,Laurel Workman,13 days,13,Wednesday,Tuesday,3,2,9
CA-2020-125381,2020-04-25,SG-20605,Speros Goranitis,Email,United States,San Francisco,California,94109.0,West,Special Projects Muesil,Gluten Free,TEC-AC-10000158,107.97,3,0.0,22.6737,2020-05-08,Speros Goranitis,13 days,13,Saturday,Friday,6,5,9
CA-2019-138667,2019-12-27,MW-18220,Mitch Webber,Email,United States,Lancaster,Ohio,43130.0,East,Special Projects Muesil,Gluten Free,TEC-AC-10003063,40.0,2,0.2,0.5,2020-01-06,Mitch Webber,10 days,10,Friday,Monday,5,1,6
CA-2019-108224,2019-05-14,TH-21235,Tiffany House,Sales,United States,Yuma,Arizona,85364.0,West,Special Projects Muesil,Gluten Free,TEC-AC-10003832,185.528,7,0.2,48.7011,2019-05-20,Tiffany House,6 days,6,Tuesday,Monday,2,1,4
CA-2020-140802,2020-04-21,KN-16390,Katherine Nockton,Sales,United States,Houston,Texas,77070.0,Central,Special Projects Muesil,Gluten Free,TEC-AC-10001998,47.976,3,0.2,8.3958,2020-04-27,Katherine Nockton,6 days,6,Tuesday,Monday,2,1,4
CA-2019-148684,2019-12-25,TS-21655,Trudy Schmidt,Email,United States,Fayetteville,Arkansas,72701.0,South,Special Projects Muesil,Gluten Free,TEC-AC-10001838,399.98,2,0.0,171.9914,2020-01-06,Trudy Schmidt,12 days,12,Wednesday,Monday,3,1,8
CA-2019-143154,2019-12-02,AS-10225,Alan Schoenberger,Sales,United States,Longmont,Colorado,80501.0,West,Special Projects Muesil,Gluten Free,TEC-AC-10002942,165.6,3,0.2,-6.21,2019-12-16,Alan Schoenberger,14 days,14,Monday,Monday,1,1,10
CA-2019-118311,2019-10-24,ED-13885,Emily Ducich,Facebook,United States,San Francisco,California,94110.0,West,Special Projects Muesil,Gluten Free,TEC-AC-10000892,450.0,5,0.0,162.0,2019-11-04,Emily Ducich,11 days,11,Thursday,Monday,4,1,7
CA-2019-157280,2019-11-05,LW-17125,Liz Willingham,Email,United States,Virginia Beach,Virginia,23464.0,South,Special Projects Muesil,Gluten Free,TEC-AC-10000057,89.97,3,0.0,18.8937,2019-11-11,Liz Willingham,6 days,6,Tuesday,Monday,2,1,4
CA-2019-129280,2019-05-03,SM-20905,Susan MacKendrick,Email,United States,Newark,Ohio,43055.0,East,Special Projects Muesil,Gluten Free,TEC-AC-10003832,132.52,5,0.2,34.7865,2019-05-13,Susan MacKendrick,10 days,10,Friday,Monday,5,1,6
CA-2020-161893,2020-01-23,HP-14815,Harold Pawlan,Facebook,United States,Tucson,Arizona,85705.0,West,Special Projects Muesil,Gluten Free,TEC-AC-10001874,95.984,2,0.2,11.998,2020-02-03,Harold Pawlan,11 days,11,Thursday,Monday,4,1,7
CA-2019-108210,2019-05-30,AT-10735,Annie Thurman,Email,United States,Houston,Texas,77041.0,Central,Special Projects Muesil,Gluten Free,TEC-AC-10000109,223.96,5,0.2,11.198,2019-06-03,Annie Thurman,4 days,4,Thursday,Monday,4,1,2
CA-2020-113278,2020-01-14,HR-14770,Hallie Redmond,Facebook,United States,Richmond,Indiana,47374.0,Central,Special Projects Muesil,Gluten Free,TEC-AC-10001445,12.12,4,0.0,2.5452,2020-01-27,Hallie Redmond,13 days,13,Tuesday,Monday,2,1,9
CA-2019-125794,2019-09-29,ML-17410,Maris LaWare,Email,United States,Los Angeles,California,90008.0,West,Special Projects Muesil,Gluten Free,TEC-AC-10003399,36.24,1,0.0,15.2208,2019-10-11,Maris LaWare,12 days,12,Sunday,Friday,7,5,9
CA-2019-112697,2019-12-18,AH-10195,Alan Haines,Sales,United States,Tamarac,Florida,33319.0,South,Power Muesli,Hunger Buster,OFF-SU-10000646,961.48,5,0.2,-204.3145,2019-12-27,Alan Haines,9 days,9,Wednesday,Friday,3,5,7
CA-2019-109869,2019-04-22,TN-21040,Tanja Norvell,Facebook,United States,Phoenix,Arizona,85023.0,West,Power Muesli,Hunger Buster,OFF-SU-10003505,185.376,2,0.2,-34.758,2019-05-07,Tanja Norvell,15 days,15,Monday,Tuesday,1,2,11
US-2019-146710,2019-08-27,SS-20875,Sung Shariari,Email,United States,Dallas,Texas,75220.0,Central,Power Muesli,Hunger Buster,OFF-SU-10004498,51.52,5,0.2,-10.948,2019-09-09,Sung Shariari,13 days,13,Tuesday,Monday,2,1,9
CA-2019-161669,2019-11-07,EM-14095,Eudokia Martin,Sales,United States,Los Angeles,California,90036.0,West,Power Muesli,Hunger Buster,OFF-SU-10002503,11.36,2,0.0,3.2944,2019-11-18,Eudokia Martin,11 days,11,Thursday,Monday,4,1,7
CA-2019-115588,2019-11-10,AF-10885,Art Foster,Email,United States,Toledo,Ohio,43615.0,East,Power Muesli,Hunger Buster,OFF-SU-10001225,14.72,5,0.2,-3.312,2019-11-18,Art Foster,8 days,8,Sunday,Monday,7,1,5
CA-2019-102932,2019-09-19,SD-20485,Shirley Daniels,Facebook,United States,Orange,New Jersey,7050.0,East,Power Muesli,Hunger Buster,OFF-SU-10000381,27.93,3,0.0,8.0997,2019-09-30,Shirley Daniels,11 days,11,Thursday,Monday,4,1,7
CA-2019-158435,2019-05-17,AG-10900,Arthur Gainer,Email,United States,Waterbury,Connecticut,6708.0,East,Power Muesli,Hunger Buster,OFF-SU-10000381,65.17,7,0.0,18.8993,2019-05-27,Arthur Gainer,10 days,10,Friday,Monday,5,1,6
CA-2019-110730,2019-09-23,CM-11815,Candace McMahon,Sales,United States,Seattle,Washington,98115.0,West,Power Muesli,Hunger Buster,OFF-SU-10004737,13.68,2,0.0,3.6936,2019-10-03,Candace McMahon,10 days,10,Monday,Thursday,1,4,8
CA-2019-123120,2019-09-04,CV-12295,Christina VanderZanden,Email,United States,New York City,New York,10011.0,East,Power Muesli,Hunger Buster,OFF-SU-10002503,22.72,4,0.0,6.5888,2019-09-16,Christina VanderZanden,12 days,12,Wednesday,Monday,3,1,8
CA-2019-109666,2019-04-19,KM-16720,Kunst Miller,Email,United States,New York City,New York,10035.0,East,Power Muesli,Hunger Buster,OFF-SU-10002522,7.76,2,0.0,2.2504,2019-05-03,Kunst Miller,14 days,14,Friday,Friday,5,5,10
CA-2019-105732,2019-09-13,AG-10270,Alejandro Grove,Email,United States,Omaha,Nebraska,68104.0,Central,Power Muesli,Hunger Buster,OFF-SU-10004782,16.9,2,0.0,5.07,2019-09-25,Alejandro Grove,12 days,12,Friday,Wednesday,5,3,8
CA-2019-134208,2019-09-17,CS-12505,Cindy Stewart,Email,United States,Columbus,Georgia,31907.0,South,Special Projects Muesil,Low Sugar,TEC-MA-10004458,396.0,4,0.0,190.08,2019-09-26,Cindy Stewart,9 days,9,Tuesday,Thursday,2,4,7
CA-2019-107202,2019-05-21,LC-16930,Linda Cazamias,Sales,United States,Sparks,Nevada,89431.0,West,Special Projects Muesil,Low Sugar,TEC-MA-10000112,2396.4,10,0.2,179.73,2019-06-03,Linda Cazamias,13 days,13,Tuesday,Monday,2,1,9
CA-2020-134845,2020-04-17,SR-20425,Sharelle Roach,Facebook,United States,Louisville,Colorado,80027.0,West,Special Projects Muesil,Low Sugar,TEC-MA-10000822,2549.985,5,0.7,-3399.98,2020-04-30,Sharelle Roach,13 days,13,Friday,Thursday,5,4,9
CA-2019-160535,2019-11-25,BP-11050,Barry Pond,Sales,United States,Plainfield,New Jersey,7060.0,East,Special Projects Muesil,Low Sugar,TEC-MA-10004255,319.92,8,0.0,118.3704,2019-12-09,Barry Pond,14 days,14,Monday,Monday,1,1,10
CA-2019-148852,2019-05-26,SV-20785,Stewart Visinsky,Email,United States,Santa Ana,California,92704.0,West,Special Projects Muesil,Low Sugar,TEC-MA-10002428,371.976,3,0.2,116.2425,2019-06-10,Stewart Visinsky,15 days,15,Sunday,Monday,7,1,10
CA-2019-159023,2019-11-03,NW-18400,Natalie Webber,Email,United States,Portland,Oregon,97206.0,West,Special Projects Muesil,Low Sugar,TEC-MA-10003337,179.991,3,0.7,-251.9874,2019-11-11,Natalie Webber,8 days,8,Sunday,Monday,7,1,5
CA-2019-105284,2019-11-24,MG-17650,Matthew Grinstein,Facebook,United States,Philadelphia,Pennsylvania,19143.0,East,Power Muesli,Maple Sweetened,OFF-FA-10001754,4.416,3,0.2,1.6008,2019-12-09,Matthew Grinstein,15 days,15,Sunday,Monday,7,1,10
CA-2019-118052,2019-05-06,BE-11455,Brad Eason,Facebook,United States,Lorain,Ohio,44052.0,East,Power Muesli,Maple Sweetened,OFF-FA-10004248,7.216,2,0.2,1.7138,2019-05-15,Brad Eason,9 days,9,Monday,Wednesday,1,3,7
CA-2019-160129,2019-11-23,LS-17200,Luke Schmidt,Sales,United States,Philadelphia,Pennsylvania,19140.0,East,Power Muesli,Maple Sweetened,OFF-FA-10002763,15.8,5,0.2,2.37,2019-11-29,Luke Schmidt,6 days,6,Saturday,Friday,6,5,4
CA-2020-168123,2020-03-05,JD-16060,Julia Dunbar,Email,United States,Rochester,Minnesota,55901.0,Central,Power Muesli,Maple Sweetened,OFF-FA-10002763,7.9,2,0.0,2.528,2020-03-09,Julia Dunbar,4 days,4,Thursday,Monday,4,1,2
CA-2019-151372,2019-09-05,JH-15985,Joseph Holt,Email,United States,Redondo Beach,California,90278.0,West,Power Muesli,Maple Sweetened,OFF-FA-10000304,4.36,2,0.0,1.7876,2019-09-10,Joseph Holt,5 days,5,Thursday,Tuesday,4,2,3
CA-2019-149195,2019-09-05,DM-13525,Don Miller,Sales,United States,Houston,Texas,77070.0,Central,Power Muesli,Maple Sweetened,OFF-FA-10001843,15.808,8,0.2,5.3352,2019-09-13,Don Miller,8 days,8,Thursday,Friday,4,5,6
CA-2020-136007,2020-02-23,AC-10615,Ann Chong,Sales,United States,Seattle,Washington,98115.0,West,Power Muesli,Maple Sweetened,OFF-FA-10002701,8.4,5,0.0,0.336,2020-03-03,Ann Chong,9 days,9,Sunday,Tuesday,7,2,6
US-2019-117037,2019-05-17,LW-17215,Luke Weiss,Email,United States,Chicago,Illinois,60653.0,Central,Power Muesli,Maple Sweetened,OFF-FA-10000936,7.896,3,0.2,2.4675,2019-05-27,Luke Weiss,10 days,10,Friday,Monday,5,1,6
CA-2019-139808,2019-10-07,MC-18100,Mick Crebagga,Email,United States,Marysville,Washington,98270.0,West,Power Muesli,Maple Sweetened,OFF-FA-10001883,93.36,12,0.0,0.9336,2019-10-21,Mick Crebagga,14 days,14,Monday,Monday,1,1,10
CA-2019-149223,2019-09-06,ER-13855,Elpida Rittenbach,Sales,United States,Saint Paul,Minnesota,55106.0,Central,Power Muesli,Mega Protein,OFF-AP-10000358,77.88,6,0.0,22.5852,2019-09-17,Elpida Rittenbach,11 days,11,Friday,Tuesday,5,2,7
CA-2019-112389,2019-10-29,JM-15655,Jim Mitchum,Sales,United States,Bridgeton,New Jersey,8302.0,East,Power Muesli,Mega Protein,OFF-AP-10001626,11.67,3,0.0,3.0342,2019-11-11,Jim Mitchum,13 days,13,Tuesday,Monday,2,1,9
CA-2019-169943,2019-05-19,BN-11515,Bradley Nguyen,Email,United States,New York City,New York,10011.0,East,Power Muesli,Mega Protein,OFF-AP-10001563,242.9,5,0.0,70.441,2019-06-03,Bradley Nguyen,15 days,15,Sunday,Monday,7,1,10
CA-2019-124352,2019-10-15,CD-12790,Cynthia Delaney,Facebook,United States,Oklahoma City,Oklahoma,73120.0,Central,Power Muesli,Mega Protein,OFF-AP-10002651,868.59,3,0.0,251.8911,2019-10-28,Cynthia Delaney,13 days,13,Tuesday,Monday,2,1,9
CA-2019-134376,2019-10-02,TT-21265,Tim Taslimi,Sales,United States,New York City,New York,10024.0,East,Power Muesli,Mega Protein,OFF-AP-10004532,61.44,3,0.0,16.5888,2019-10-14,Tim Taslimi,12 days,12,Wednesday,Monday,3,1,8
CA-2019-131499,2019-09-08,MG-17875,Michael Grace,Facebook,United States,New York City,New York,10011.0,East,Power Muesli,Mega Protein,OFF-AP-10003779,207.48,1,0.0,62.244,2019-09-16,Michael Grace,8 days,8,Sunday,Monday,7,1,5
CA-2020-141733,2020-05-07,RW-19540,Rick Wilson,Sales,United States,Detroit,Michigan,48234.0,Central,Power Muesli,Mega Protein,OFF-AP-10001563,87.444,2,0.1,18.4604,2020-05-15,Rick Wilson,8 days,8,Thursday,Friday,4,5,6
CA-2019-158575,2019-11-18,SB-20290,Sean Braxton,Sales,United States,Kent,Ohio,44240.0,East,Power Muesli,Mega Protein,OFF-AP-10002998,103.968,6,0.2,16.8948,2019-12-02,Sean Braxton,14 days,14,Monday,Monday,1,1,10
CA-2019-156811,2019-10-27,BP-11095,Bart Pistole,Sales,United States,San Francisco,California,94122.0,West,Power Muesli,Mega Protein,OFF-AP-10001366,43.92,4,0.0,11.8584,2019-11-11,Bart Pistole,15 days,15,Sunday,Monday,7,1,10
CA-2020-155824,2020-03-10,KS-16300,Karen Seio,Sales,United States,Raleigh,North Carolina,27604.0,South,Power Muesli,Mega Protein,OFF-AP-10000390,48.784,1,0.2,3.6588,2020-03-23,Karen Seio,13 days,13,Tuesday,Monday,2,1,9
CA-2019-158694,2019-11-10,AI-10855,Arianne Irving,Email,United States,Los Angeles,California,90036.0,West,Power Muesli,Mega Protein,OFF-AP-10000055,129.92,4,0.0,38.976,2019-11-18,Arianne Irving,8 days,8,Sunday,Monday,7,1,5
CA-2019-122017,2019-12-29,CD-11920,Carlos Daly,Email,United States,Wichita,Kansas,67212.0,Central,Power Muesli,Mega Protein,OFF-AP-10001293,81.96,2,0.0,22.9488,2020-01-10,Carlos Daly,12 days,12,Sunday,Friday,7,5,9
CA-2019-145492,2019-11-20,MC-17605,Matt Connell,Sales,United States,Los Angeles,California,90004.0,West,Power Muesli,Mega Protein,OFF-AP-10003622,39.0,12,0.0,11.31,2019-12-02,Matt Connell,12 days,12,Wednesday,Monday,3,1,8
CA-2019-149783,2019-09-04,DL-13315,Delfina Latchford,Email,United States,Knoxville,Tennessee,37918.0,South,Power Muesli,Mega Protein,OFF-AP-10001205,87.168,2,0.2,8.7168,2019-09-16,Delfina Latchford,12 days,12,Wednesday,Monday,3,1,8
CA-2020-144680,2020-03-31,SC-20260,Scott Cohen,Sales,United States,Arlington,Texas,76017.0,Central,Power Muesli,Mega Protein,OFF-AP-10003040,33.62,5,0.8,-90.774,2020-04-08,Scott Cohen,8 days,8,Tuesday,Wednesday,2,3,6
CA-2019-130442,2019-12-16,SF-20065,Sandra Flanagan,Email,United States,Goldsboro,North Carolina,27534.0,South,Power Muesli,Mega Protein,OFF-AP-10004859,34.944,3,0.2,3.0576,2019-12-23,Sandra Flanagan,7 days,7,Monday,Monday,1,1,5
CA-2019-116526,2019-09-01,JA-15970,Joseph Airdo,Email,United States,Detroit,Michigan,48227.0,Central,Power Muesli,Mega Protein,OFF-AP-10002457,376.74,4,0.1,71.162,2019-09-12,Joseph Airdo,11 days,11,Sunday,Thursday,7,4,8
CA-2019-123337,2019-09-16,KD-16495,Keith Dawkins,Sales,United States,San Jose,California,95123.0,West,Power Muesli,Mega Protein,OFF-AP-10002287,17.48,4,0.0,4.5448,2019-09-27,Keith Dawkins,11 days,11,Monday,Friday,1,5,9
CA-2019-138282,2019-05-19,AH-10690,Anna Häberlin,Sales,United States,Los Angeles,California,90008.0,West,Power Muesli,Mega Protein,OFF-AP-10001366,87.84,8,0.0,23.7168,2019-05-31,Anna Häberlin,12 days,12,Sunday,Friday,7,5,9
US-2020-138086,2020-04-16,JO-15550,Jesus Ocampo,Facebook,United States,San Francisco,California,94109.0,West,Power Muesli,Mega Protein,OFF-AP-10000027,40.74,3,0.0,12.222,2020-04-27,Jesus Ocampo,11 days,11,Thursday,Monday,4,1,7
CA-2019-113978,2019-09-25,TS-21505,Tony Sayre,Email,United States,Cleveland,Ohio,44105.0,East,Power Muesli,Mega Protein,OFF-AP-10003849,286.256,1,0.2,17.891,2019-10-07,Tony Sayre,12 days,12,Wednesday,Monday,3,1,8
CA-2019-145611,2019-09-20,HA-14905,Helen Abelman,Email,United States,New York City,New York,10035.0,East,Power Muesli,Mega Protein,OFF-AP-10001005,393.25,5,0.0,129.7725,2019-09-30,Helen Abelman,10 days,10,Friday,Monday,5,1,6
CA-2019-130393,2019-12-01,JM-15865,John Murray,Email,United States,San Angelo,Texas,76903.0,Central,Power Muesli,Mega Protein,OFF-AP-10004859,11.648,4,0.8,-30.8672,2019-12-09,John Murray,8 days,8,Sunday,Monday,7,1,5
CA-2019-142594,2019-12-01,EJ-14155,Eva Jacobs,Email,United States,Franklin,Massachusetts,2038.0,East,Power Muesli,Mega Protein,OFF-AP-10002945,901.95,3,0.0,297.6435,2019-12-13,Eva Jacobs,12 days,12,Sunday,Friday,7,5,9
CA-2019-147256,2019-10-17,FC-14245,Frank Carlisle,Facebook,United States,Columbia,Missouri,65203.0,Central,Power Muesli,Mega Protein,OFF-AP-10003057,1927.59,7,0.0,751.7601,2019-10-28,Frank Carlisle,11 days,11,Thursday,Monday,4,1,7
US-2019-144057,2019-05-09,CV-12805,Cynthia Voltz,Sales,United States,Austin,Texas,78745.0,Central,Power Muesli,Mega Protein,OFF-AP-10000390,48.784,4,0.8,-131.7168,2019-05-20,Cynthia Voltz,11 days,11,Thursday,Monday,4,1,7
CA-2019-143406,2019-09-26,LR-17035,Lisa Ryan,Sales,United States,Houston,Texas,77041.0,Central,Power Muesli,Mega Protein,OFF-AP-10001564,93.032,2,0.8,-251.1864,2019-10-07,Lisa Ryan,11 days,11,Thursday,Monday,4,1,7
CA-2020-140515,2020-03-19,GZ-14545,George Zrebassa,Sales,United States,Los Angeles,California,90008.0,West,Power Muesli,Mega Protein,OFF-AP-10001205,381.36,7,0.0,106.7808,2020-03-30,George Zrebassa,11 days,11,Thursday,Monday,4,1,7
US-2020-104451,2020-05-08,MM-18055,Michelle Moray,Email,United States,San Francisco,California,94110.0,West,Power Muesli,Mega Protein,OFF-AP-10000692,81.08,4,0.0,22.7024,2020-05-15,Michelle Moray,7 days,7,Friday,Friday,5,5,5
CA-2019-161816,2019-04-28,NB-18655,Nona Balk,Sales,United States,Dallas,Texas,75217.0,Central,Power Muesli,No Taste All Power,OFF-LA-10004345,15.712,4,0.2,5.6956,2019-05-07,Nona Balk,9 days,9,Sunday,Tuesday,7,2,6
US-2019-150861,2019-12-03,EG-13900,Emily Grady,Email,United States,Oceanside,New York,11572.0,East,Power Muesli,No Taste All Power,OFF-LA-10001317,6.3,2,0.0,3.024,2019-12-09,Emily Grady,6 days,6,Tuesday,Monday,2,1,4
CA-2020-135279,2020-04-09,BS-11800,Bryan Spruell,Facebook,United States,New York City,New York,10011.0,East,Power Muesli,No Taste All Power,OFF-LA-10004055,9.82,2,0.0,4.8118,2020-04-17,Bryan Spruell,8 days,8,Thursday,Friday,4,5,6
CA-2019-123722,2019-09-25,NH-18610,Nicole Hansen,Sales,United States,Irving,Texas,75061.0,Central,Power Muesli,No Taste All Power,OFF-LA-10001569,15.936,4,0.2,5.1792,2019-10-07,Nicole Hansen,12 days,12,Wednesday,Monday,3,1,8
CA-2019-149482,2019-11-14,RR-19315,Ralph Ritter,Email,United States,San Francisco,California,94110.0,West,Power Muesli,No Taste All Power,OFF-LA-10000248,7.38,2,0.0,3.4686,2019-11-25,Ralph Ritter,11 days,11,Thursday,Monday,4,1,7
US-2019-165078,2019-11-05,MA-17995,Michelle Arnett,Facebook,United States,Lawrence,Indiana,46226.0,Central,Power Muesli,No Taste All Power,OFF-LA-10000414,51.75,5,0.0,24.84,2019-11-18,Michelle Arnett,13 days,13,Tuesday,Monday,2,1,9
CA-2019-116232,2019-09-22,AC-10450,Amy Cox,Email,United States,Pembroke Pines,Florida,33024.0,South,Power Muesli,No Taste All Power,OFF-LA-10001158,16.56,2,0.2,5.796,2019-10-04,Amy Cox,12 days,12,Sunday,Friday,7,5,9
CA-2019-145898,2019-09-26,CM-12445,Chuck Magee,Email,United States,Redlands,California,92374.0,West,Power Muesli,No Taste All Power,OFF-LA-10000262,7.83,3,0.0,3.6018,2019-10-01,Chuck Magee,5 days,5,Thursday,Tuesday,4,2,3
CA-2019-143441,2019-11-05,EB-14170,Evan Bailliet,Email,United States,Laredo,Texas,78041.0,Central,Power Muesli,No Taste All Power,OFF-LA-10002312,11.84,1,0.2,4.44,2019-11-11,Evan Bailliet,6 days,6,Tuesday,Monday,2,1,4
CA-2019-149685,2019-10-08,PM-19135,Peter McVee,Facebook,United States,San Antonio,Texas,78207.0,Central,Power Muesli,No Taste All Power,OFF-LA-10004545,60.144,6,0.2,20.2986,2019-10-21,Peter McVee,13 days,13,Tuesday,Monday,2,1,9
CA-2019-116764,2019-08-27,EM-13825,Elizabeth Moffitt,Sales,United States,Hollywood,Florida,33021.0,South,Power Muesli,No Taste All Power,OFF-LA-10002473,9.216,4,0.2,3.3408,2019-09-09,Elizabeth Moffitt,13 days,13,Tuesday,Monday,2,1,9
CA-2019-104311,2019-05-02,AS-10090,Adam Shillingsburg,Email,United States,Irving,Texas,75061.0,Central,Power Muesli,No Taste All Power,OFF-LA-10000973,5.04,2,0.2,1.764,2019-05-13,Adam Shillingsburg,11 days,11,Thursday,Monday,4,1,7
CA-2019-111605,2019-12-27,JW-15955,Joni Wasserman,Email,United States,Louisville,Kentucky,40214.0,South,Power Muesli,No Taste All Power,OFF-LA-10002368,2.61,1,0.0,1.2006,2020-01-08,Joni Wasserman,12 days,12,Friday,Wednesday,5,3,8
CA-2019-130638,2019-05-16,SC-20095,Sanjit Chand,Email,United States,Los Angeles,California,90045.0,West,Power Muesli,No Taste All Power,OFF-LA-10002195,27.72,9,0.0,13.3056,2019-05-27,Sanjit Chand,11 days,11,Thursday,Monday,4,1,7
CA-2019-162733,2019-05-11,TT-21070,Ted Trevino,Email,United States,Los Angeles,California,90045.0,West,Power Muesli,Nuts and more,OFF-PA-10002751,5.98,1,0.0,2.691,2019-05-20,Ted Trevino,9 days,9,Saturday,Monday,6,1,5
CA-2019-130001,2019-04-23,HK-14890,Heather Kirkland,Sales,United States,Charlotte,North Carolina,28205.0,South,Power Muesli,Nuts and more,OFF-PA-10002666,36.24,5,0.2,11.325,2019-05-03,Heather Kirkland,10 days,10,Tuesday,Friday,2,5,8
US-2019-105578,2019-05-30,MY-17380,Maribeth Yedwab,Sales,United States,Parker,Colorado,80134.0,West,Power Muesli,Nuts and more,OFF-PA-10000357,32.792,1,0.2,11.8871,2019-06-10,Maribeth Yedwab,11 days,11,Thursday,Monday,4,1,7
CA-2020-127432,2020-01-22,AD-10180,Alan Dominguez,Facebook,United States,Great Falls,Montana,59405.0,West,Power Muesli,Nuts and more,OFF-PA-10001667,11.96,2,0.0,5.382,2020-02-03,Alan Dominguez,12 days,12,Wednesday,Monday,3,1,8
CA-2019-121223,2019-09-11,GD-14590,Giulietta Dortch,Sales,United States,Philadelphia,Pennsylvania,19143.0,East,Power Muesli,Nuts and more,OFF-PA-10001204,8.448,2,0.2,2.64,2019-09-19,Giulietta Dortch,8 days,8,Wednesday,Thursday,3,4,6
CA-2019-109820,2019-11-20,AG-10390,Allen Goldenen,Email,United States,Cincinnati,Ohio,45231.0,East,Power Muesli,Nuts and more,OFF-PA-10000955,15.696,3,0.2,5.1012,2019-11-25,Allen Goldenen,5 days,5,Wednesday,Monday,3,1,3
CA-2019-152814,2019-04-28,EH-14005,Erica Hernandez,Facebook,United States,Denver,Colorado,80219.0,West,Power Muesli,Nuts and more,OFF-PA-10001970,29.472,3,0.2,9.9468,2019-05-10,Erica Hernandez,12 days,12,Sunday,Friday,7,5,9
CA-2020-100524,2020-03-31,CM-12115,Chad McGuire,Email,United States,New York City,New York,10011.0,East,Power Muesli,Nuts and more,OFF-PA-10004911,75.04,8,0.0,36.0192,2020-04-07,Chad McGuire,7 days,7,Tuesday,Tuesday,2,2,5
CA-2019-145247,2019-05-05,ND-18370,Natalie DeCherney,Email,United States,Louisville,Kentucky,40214.0,South,Power Muesli,Nuts and more,OFF-PA-10003641,79.14,3,0.0,36.4044,2019-05-10,Natalie DeCherney,5 days,5,Sunday,Friday,7,5,4
US-2019-108455,2019-12-02,MK-18160,Mike Kennedy,Email,United States,San Francisco,California,94122.0,West,Power Muesli,Nuts and more,OFF-PA-10002262,25.92,4,0.0,12.4416,2019-12-16,Mike Kennedy,14 days,14,Monday,Monday,1,1,10
CA-2019-154403,2019-05-23,AP-10720,Anne Pryor,Facebook,United States,Florence,Alabama,35630.0,South,Power Muesli,Nuts and more,OFF-PA-10001526,4.98,1,0.0,2.4402,2019-06-03,Anne Pryor,11 days,11,Thursday,Monday,4,1,7
US-2019-118780,2019-09-10,PN-18775,Parhena Norris,Facebook,United States,New York City,New York,10011.0,East,Power Muesli,Nuts and more,OFF-PA-10000575,6.69,1,0.0,3.0774,2019-09-23,Parhena Norris,13 days,13,Tuesday,Monday,2,1,9
US-2020-158512,2020-01-12,DA-13450,Dianna Arnett,Facebook,United States,Washington,District of Columbia,20016.0,East,Power Muesli,Nuts and more,OFF-PA-10001804,40.08,6,0.0,19.2384,2020-01-27,Dianna Arnett,15 days,15,Sunday,Monday,7,1,10
CA-2019-100083,2019-11-24,CD-11980,Carol Darley,Email,United States,Medford,Oregon,97504.0,West,Power Muesli,Nuts and more,OFF-PA-10000241,24.784,1,0.2,7.745,2019-12-09,Carol Darley,15 days,15,Sunday,Monday,7,1,10
CA-2019-145905,2019-09-18,AM-10705,Anne McFarland,Email,United States,Auburn,Alabama,36830.0,South,Power Muesli,Nuts and more,OFF-PA-10000533,13.08,2,0.0,6.0168,2019-09-30,Anne McFarland,12 days,12,Wednesday,Monday,3,1,8
CA-2019-125738,2019-10-15,PB-18805,Patrick Bzostek,Facebook,United States,Salt Lake City,Utah,84106.0,West,Power Muesli,Nuts and more,OFF-PA-10000740,45.68,2,0.0,21.0128,2019-10-28,Patrick Bzostek,13 days,13,Tuesday,Monday,2,1,9
CA-2019-112676,2019-05-05,PJ-18835,Patrick Jones,Sales,United States,Murfreesboro,Tennessee,37130.0,South,Power Muesli,Nuts and more,OFF-PA-10003971,14.352,3,0.2,5.2026,2019-05-14,Patrick Jones,9 days,9,Sunday,Tuesday,7,2,6
CA-2019-124051,2019-12-29,KA-16525,Kelly Andreada,Email,United States,Aurora,Illinois,60505.0,Central,Power Muesli,Nuts and more,OFF-PA-10001289,186.048,6,0.2,67.4424,2020-01-06,Kelly Andreada,8 days,8,Sunday,Monday,7,1,5
US-2019-144211,2019-08-28,CS-12130,Chad Sievert,Email,United States,Englewood,Colorado,80112.0,West,Power Muesli,Nuts and more,OFF-PA-10002246,15.48,3,0.2,5.6115,2019-09-09,Chad Sievert,12 days,12,Wednesday,Monday,3,1,8
CA-2019-138695,2019-05-28,KC-16675,Kimberly Carter,Sales,United States,Tallahassee,Florida,32303.0,South,Power Muesli,Nuts and more,OFF-PA-10001667,62.192,13,0.2,19.435,2019-06-10,Kimberly Carter,13 days,13,Tuesday,Monday,2,1,9
CA-2019-100244,2019-09-20,GM-14695,Greg Maxwell,Sales,United States,San Francisco,California,94122.0,West,Power Muesli,Nuts and more,OFF-PA-10001471,65.79,9,0.0,30.2634,2019-09-30,Greg Maxwell,10 days,10,Friday,Monday,5,1,6
CA-2019-131289,2019-12-08,SP-20620,Stefania Perrino,Sales,United States,San Francisco,California,94110.0,West,Power Muesli,Nuts and more,OFF-PA-10003363,45.36,7,0.0,21.7728,2019-12-23,Stefania Perrino,15 days,15,Sunday,Monday,7,1,10
CA-2020-168193,2020-03-06,RM-19750,Roland Murray,Email,United States,New York City,New York,10011.0,East,Power Muesli,Nuts and more,OFF-PA-10002254,26.38,1,0.0,12.1348,2020-03-20,Roland Murray,14 days,14,Friday,Friday,5,5,10
CA-2019-133144,2019-05-16,DO-13435,Denny Ordway,Email,United States,Los Angeles,California,90036.0,West,Power Muesli,Nuts and more,OFF-PA-10004971,17.34,3,0.0,8.4966,2019-05-27,Denny Ordway,11 days,11,Thursday,Monday,4,1,7
CA-2019-140417,2019-09-25,KE-16420,Katrina Edelman,Sales,United States,Tigard,Oregon,97224.0,West,Power Muesli,Nuts and more,OFF-PA-10000380,60.048,9,0.2,22.518,2019-10-07,Katrina Edelman,12 days,12,Wednesday,Monday,3,1,8
CA-2019-127642,2019-05-21,CP-12340,Christine Phan,Sales,United States,Warwick,Rhode Island,2886.0,East,Power Muesli,Nuts and more,OFF-PA-10000565,111.96,2,0.0,54.8604,2019-05-27,Christine Phan,6 days,6,Tuesday,Monday,2,1,4
CA-2019-100041,2019-11-20,BF-10975,Barbara Fisher,Sales,United States,Columbus,Indiana,47201.0,Central,Power Muesli,Nuts and more,OFF-PA-10001622,9.08,2,0.0,4.086,2019-12-02,Barbara Fisher,12 days,12,Wednesday,Monday,3,1,8
US-2019-148901,2019-05-14,MK-17905,Michael Kennedy,Sales,United States,Jacksonville,Florida,32216.0,South,Power Muesli,Nuts and more,OFF-PA-10004983,31.104,6,0.2,10.8864,2019-05-27,Michael Kennedy,13 days,13,Tuesday,Monday,2,1,9
CA-2019-111696,2019-05-08,TB-21625,Trudy Brown,Email,United States,Los Angeles,California,90004.0,West,Power Muesli,Nuts and more,OFF-PA-10002751,17.94,3,0.0,8.073,2019-05-13,Trudy Brown,5 days,5,Wednesday,Monday,3,1,3
CA-2019-164896,2019-11-07,PS-19045,Penelope Sewall,Facebook,United States,Oceanside,California,92054.0,West,Power Muesli,Nuts and more,OFF-PA-10002246,12.9,2,0.0,6.321,2019-11-18,Penelope Sewall,11 days,11,Thursday,Monday,4,1,7
CA-2019-149279,2019-04-24,CL-12700,Craig Leslie,Facebook,United States,Colorado Springs,Colorado,80906.0,West,Power Muesli,Nuts and more,OFF-PA-10003441,15.552,3,0.2,5.4432,2019-05-06,Craig Leslie,12 days,12,Wednesday,Monday,3,1,8
US-2019-162026,2019-10-08,JE-15745,Joel Eaton,Email,United States,Los Angeles,California,90036.0,West,Power Muesli,Nuts and more,OFF-PA-10000167,61.96,2,0.0,27.882,2019-10-14,Joel Eaton,6 days,6,Tuesday,Monday,2,1,4
CA-2019-141551,2019-09-24,BP-11230,Benjamin Patterson,Email,United States,Broken Arrow,Oklahoma,74012.0,Central,Power Muesli,Nuts and more,OFF-PA-10001569,6.48,1,0.0,3.1104,2019-10-07,Benjamin Patterson,13 days,13,Tuesday,Monday,2,1,9
CA-2019-101525,2019-05-01,CM-12235,Chris McAfee,Email,United States,Little Rock,Arkansas,72209.0,South,Power Muesli,Nuts and more,OFF-PA-10001497,109.92,2,0.0,53.8608,2019-05-13,Chris McAfee,12 days,12,Wednesday,Monday,3,1,8
CA-2019-133935,2019-09-18,JW-15220,Jane Waco,Sales,United States,San Diego,California,92105.0,West,Power Muesli,Nuts and more,OFF-PA-10000100,368.91,9,0.0,180.7659,2019-09-30,Jane Waco,12 days,12,Wednesday,Monday,3,1,8
US-2019-142251,2019-10-31,FO-14305,Frank Olsen,Email,United States,Hollywood,Florida,33021.0,South,Power Muesli,Nuts and more,OFF-PA-10002986,32.064,6,0.2,11.2224,2019-11-11,Frank Olsen,11 days,11,Thursday,Monday,4,1,7
CA-2019-143714,2019-05-23,CC-12370,Christopher Conant,Email,United States,Philadelphia,Pennsylvania,19120.0,East,Power Muesli,Nuts and more,OFF-PA-10000029,10.368,2,0.2,3.6288,2019-06-03,Christopher Conant,11 days,11,Thursday,Monday,4,1,7
CA-2019-161543,2019-05-10,RD-19720,Roger Demir,Email,United States,Seattle,Washington,98105.0,West,Power Muesli,Nuts and more,OFF-PA-10003971,11.96,2,0.0,5.8604,2019-05-22,Roger Demir,12 days,12,Friday,Wednesday,5,3,8
CA-2019-169887,2019-10-22,MS-17530,MaryBeth Skach,Email,United States,Seattle,Washington,98105.0,West,Power Muesli,Nuts and more,OFF-PA-10003001,6.68,1,0.0,3.2064,2019-10-28,MaryBeth Skach,6 days,6,Tuesday,Monday,2,1,4
US-2019-155103,2019-12-02,JF-15190,Jamie Frazer,Email,United States,New York City,New York,10024.0,East,Power Muesli,Nuts and more,OFF-PA-10000062,54.96,1,0.0,26.9304,2019-12-16,Jamie Frazer,14 days,14,Monday,Monday,1,1,10
CA-2019-119018,2019-11-04,CW-11905,Carl Weiss,Facebook,United States,Los Angeles,California,90004.0,West,Power Muesli,Nuts and more,OFF-PA-10000295,38.88,6,0.0,18.6624,2019-11-18,Carl Weiss,14 days,14,Monday,Monday,1,1,10
US-2019-159093,2019-05-09,RS-19420,Ricardo Sperren,Sales,United States,Los Angeles,California,90036.0,West,Power Muesli,Nuts and more,OFF-PA-10001260,32.04,4,0.0,14.418,2019-05-21,Ricardo Sperren,12 days,12,Thursday,Tuesday,4,2,8
CA-2020-149076,2020-01-14,SO-20335,Sean O'Donnell,Email,United States,Los Angeles,California,90036.0,West,Power Muesli,Nuts and more,OFF-PA-10000483,154.9,5,0.0,69.705,2020-01-27,Sean O'Donnell,13 days,13,Tuesday,Monday,2,1,9
US-2019-157840,2019-12-20,MC-17575,Matt Collins,Email,United States,Fremont,Nebraska,68025.0,Central,Power Muesli,Nuts and more,OFF-PA-10003673,33.9,5,0.0,15.594,2019-12-30,Matt Collins,10 days,10,Friday,Monday,5,1,6
CA-2019-147473,2019-05-30,NL-18310,Nancy Lomonaco,Facebook,United States,Los Angeles,California,90049.0,West,Power Muesli,Nuts and more,OFF-PA-10004782,38.88,6,0.0,18.6624,2019-06-07,Nancy Lomonaco,8 days,8,Thursday,Friday,4,5,6
CA-2019-114209,2019-05-21,AS-10285,Alejandro Savely,Sales,United States,Dallas,Texas,75081.0,Central,Power Muesli,Nuts and more,OFF-PA-10003591,82.656,9,0.2,30.996,2019-06-03,Alejandro Savely,13 days,13,Tuesday,Monday,2,1,9
CA-2020-104885,2020-03-02,DB-13555,Dorothy Badders,Sales,United States,Newark,Delaware,19711.0,East,Power Muesli,Nuts and more,OFF-PA-10002764,68.04,6,0.0,33.3396,2020-03-16,Dorothy Badders,14 days,14,Monday,Monday,1,1,10
CA-2019-165673,2019-05-15,MN-17935,Michael Nguyen,Email,United States,Springfield,Ohio,45503.0,East,Power Muesli,Nuts and more,OFF-PA-10000697,15.232,4,0.2,5.5216,2019-05-27,Michael Nguyen,12 days,12,Wednesday,Monday,3,1,8
CA-2019-136994,2019-05-27,LS-17245,Lynn Smith,Email,United States,Los Angeles,California,90045.0,West,Power Muesli,Nuts and more,OFF-PA-10000575,13.38,2,0.0,6.1548,2019-06-10,Lynn Smith,14 days,14,Monday,Monday,1,1,10
CA-2020-124716,2020-03-27,BD-11560,Brendan Dodson,Facebook,United States,Fresno,California,93727.0,West,Power Muesli,Nuts and more,OFF-PA-10000740,45.68,2,0.0,21.0128,2020-04-06,Brendan Dodson,10 days,10,Friday,Monday,5,1,6
CA-2019-156748,2019-11-30,BS-11755,Bruce Stewart,Email,United States,Detroit,Michigan,48227.0,Central,Power Muesli,Nuts and more,OFF-PA-10000380,33.36,4,0.0,16.68,2019-12-06,Bruce Stewart,6 days,6,Saturday,Friday,6,5,4
CA-2019-134110,2019-11-17,BG-11035,Barry Gonzalez,Email,United States,The Colony,Texas,75056.0,Central,Power Muesli,Nuts and more,OFF-PA-10000697,15.232,4,0.2,5.5216,2019-11-25,Barry Gonzalez,8 days,8,Sunday,Monday,7,1,5
CA-2019-153185,2019-09-03,MH-17620,Matt Hagelstein,Sales,United States,Cincinnati,Ohio,45231.0,East,Power Muesli,Nuts and more,OFF-PA-10002246,30.96,6,0.2,11.223,2019-09-16,Matt Hagelstein,13 days,13,Tuesday,Monday,2,1,9
CA-2020-122763,2020-03-20,HG-14845,Harry Greene,Email,United States,Houston,Texas,77041.0,Central,Power Muesli,Nuts and more,OFF-PA-10000474,56.704,2,0.2,19.1376,2020-03-23,Harry Greene,3 days,3,Friday,Monday,5,1,1
CA-2019-117583,2019-11-27,CB-12025,Cassandra Brandow,Email,United States,East Orange,New Jersey,7017.0,East,Power Muesli,Nuts and more,OFF-PA-10001246,25.92,4,0.0,12.4416,2019-12-09,Cassandra Brandow,12 days,12,Wednesday,Monday,3,1,8
CA-2019-100587,2019-12-10,SL-20155,Sara Luxemburg,Facebook,United States,New York City,New York,10024.0,East,Power Muesli,Nuts and more,OFF-PA-10004609,6.48,1,0.0,3.1104,2019-12-23,Sara Luxemburg,13 days,13,Tuesday,Monday,2,1,9
CA-2019-117590,2019-12-08,GH-14485,Gene Hale,Sales,United States,Richardson,Texas,75080.0,Central,Special Projects Muesil,Only Oats,TEC-PH-10004977,1097.544,7,0.2,123.4737,2019-12-16,Gene Hale,8 days,8,Sunday,Monday,7,1,5
CA-2019-114489,2019-12-05,JE-16165,Justin Ellison,Sales,United States,Franklin,Wisconsin,53132.0,Central,Special Projects Muesil,Only Oats,TEC-PH-10000215,384.45,11,0.0,103.8015,2019-12-16,Justin Ellison,11 days,11,Thursday,Monday,4,1,7
US-2019-150147,2019-04-25,JL-15850,John Lucas,Email,United States,Philadelphia,Pennsylvania,19134.0,East,Special Projects Muesil,Only Oats,TEC-PH-10004614,82.8,2,0.4,-20.7,2019-05-07,John Lucas,12 days,12,Thursday,Tuesday,4,2,8
CA-2019-105256,2019-05-20,JK-15730,Joe Kamberova,Email,United States,Asheville,North Carolina,28806.0,South,Special Projects Muesil,Only Oats,TEC-PH-10001530,1363.96,5,0.2,85.2475,2019-05-24,Joe Kamberova,4 days,4,Monday,Friday,1,5,4
CA-2019-158099,2019-09-03,PK-18910,Paul Knutson,Facebook,United States,Philadelphia,Pennsylvania,19143.0,East,Special Projects Muesil,Only Oats,TEC-PH-10002496,280.782,3,0.4,-46.797,2019-09-11,Paul Knutson,8 days,8,Tuesday,Wednesday,2,3,6
CA-2019-128727,2019-08-29,MO-17800,Meg O'Connel,Facebook,United States,New York City,New York,10024.0,East,Special Projects Muesil,Only Oats,TEC-PH-10003442,22.0,4,0.0,5.5,2019-09-09,Meg O'Connel,11 days,11,Thursday,Monday,4,1,7
CA-2019-133725,2019-05-23,KL-16645,Ken Lonsdale,Email,United States,Chicago,Illinois,60623.0,Central,Special Projects Muesil,Only Oats,TEC-PH-10004165,1979.928,9,0.2,148.4946,2019-06-03,Ken Lonsdale,11 days,11,Thursday,Monday,4,1,7
CA-2019-100468,2019-11-24,AT-10435,Alyssa Tate,Facebook,United States,Los Angeles,California,90045.0,West,Special Projects Muesil,Only Oats,TEC-PH-10001300,33.52,2,0.2,3.352,2019-12-09,Alyssa Tate,15 days,15,Sunday,Monday,7,1,10
CA-2020-144589,2020-01-20,TM-21010,Tamara Manning,Email,United States,San Francisco,California,94122.0,West,Special Projects Muesil,Only Oats,TEC-PH-10003072,359.976,3,0.2,130.4913,2020-02-03,Tamara Manning,14 days,14,Monday,Monday,1,1,10
CA-2019-146206,2019-09-10,KT-16480,Kean Thornton,Email,United States,Houston,Texas,77095.0,Central,Special Projects Muesil,Only Oats,TEC-PH-10000895,719.96,5,0.2,53.997,2019-09-23,Kean Thornton,13 days,13,Tuesday,Monday,2,1,9
CA-2019-137729,2019-05-05,BF-11005,Barry Franz,Facebook,United States,Los Angeles,California,90004.0,West,Special Projects Muesil,Only Oats,TEC-PH-10001433,246.168,3,0.2,21.5397,2019-05-17,Barry Franz,12 days,12,Sunday,Friday,7,5,9
CA-2019-116974,2019-10-09,MP-17965,Michael Paige,Sales,United States,Troy,Ohio,45373.0,East,Special Projects Muesil,Only Oats,TEC-PH-10004897,23.976,4,0.4,-15.5844,2019-10-21,Michael Paige,12 days,12,Wednesday,Monday,3,1,8
CA-2019-153318,2019-10-25,JS-15595,Jill Stevenson,Sales,United States,Miami,Florida,33180.0,South,Special Projects Muesil,Only Oats,TEC-PH-10000984,783.96,5,0.2,78.396,2019-11-04,Jill Stevenson,10 days,10,Friday,Monday,5,1,6
CA-2020-131828,2020-02-11,CS-11845,Cari Sayre,Sales,United States,Seattle,Washington,98105.0,West,Special Projects Muesil,Only Oats,TEC-PH-10002923,88.776,3,0.2,7.7679,2020-02-18,Cari Sayre,7 days,7,Tuesday,Tuesday,2,2,5
US-2019-127971,2019-11-20,DW-13195,David Wiener,Sales,United States,Houston,Texas,77095.0,Central,Special Projects Muesil,Only Oats,TEC-PH-10003095,122.92,7,0.2,46.095,2019-12-03,David Wiener,13 days,13,Wednesday,Tuesday,3,2,9
CA-2019-132731,2019-11-24,GA-14515,George Ashbrook,Email,United States,Dallas,Texas,75081.0,Central,Special Projects Muesil,Only Oats,TEC-PH-10004120,657.552,6,0.2,49.3164,2019-12-06,George Ashbrook,12 days,12,Sunday,Friday,7,5,9
US-2020-163195,2020-02-17,LL-16840,Lauren Leatherbury,Email,United States,Lafayette,Louisiana,70506.0,South,Special Projects Muesil,Only Oats,TEC-PH-10003875,29.16,3,0.0,8.4564,2020-03-02,Lauren Leatherbury,14 days,14,Monday,Monday,1,1,10
CA-2020-120019,2020-02-16,NG-18355,Nat Gilpin,Sales,United States,Fairfield,Connecticut,6824.0,East,Special Projects Muesil,Only Oats,TEC-PH-10000923,14.99,1,0.0,7.3451,2020-03-02,Nat Gilpin,15 days,15,Sunday,Monday,7,1,10
CA-2019-165995,2019-08-30,BG-11740,Bruce Geld,Email,United States,Los Angeles,California,90008.0,West,Special Projects Muesil,Only Oats,TEC-PH-10004908,339.96,5,0.2,42.495,2019-09-16,Bruce Geld,17 days,17,Friday,Monday,5,1,11
CA-2019-113845,2019-11-20,FA-14230,Frank Atkinson,Sales,United States,Orlando,Florida,32839.0,South,Special Projects Muesil,Only Oats,TEC-PH-10003357,244.768,4,0.2,24.4768,2019-12-02,Frank Atkinson,12 days,12,Wednesday,Monday,3,1,8
CA-2019-140249,2019-09-27,SW-20455,Shaun Weien,Email,United States,Seattle,Washington,98103.0,West,Special Projects Muesil,Only Oats,TEC-PH-10002584,1001.584,2,0.2,125.198,2019-10-08,Shaun Weien,11 days,11,Friday,Tuesday,5,2,7
CA-2020-166184,2020-03-24,HR-14830,Harold Ryan,Sales,United States,New York City,New York,10035.0,East,Special Projects Muesil,Only Oats,TEC-PH-10002624,469.99,1,0.0,136.2971,2020-04-01,Harold Ryan,8 days,8,Tuesday,Wednesday,2,3,6
CA-2020-159149,2020-02-17,CR-12820,Cyra Reiten,Facebook,United States,Houston,Texas,77041.0,Central,Special Projects Muesil,Only Oats,TEC-PH-10000038,438.336,4,0.2,-87.6672,2020-02-24,Cyra Reiten,7 days,7,Monday,Monday,1,1,5
CA-2019-133816,2019-05-10,CS-12400,Christopher Schild,Facebook,United States,Philadelphia,Pennsylvania,19134.0,East,Special Projects Muesil,Only Oats,TEC-PH-10001795,743.988,2,0.4,-123.998,2019-05-20,Christopher Schild,10 days,10,Friday,Monday,5,1,6
US-2020-105935,2020-01-26,BD-11500,Bradley Drucker,Email,United States,Columbus,Georgia,31907.0,South,Special Projects Muesil,Only Oats,TEC-PH-10001459,2939.93,7,0.0,764.3818,2020-02-06,Bradley Drucker,11 days,11,Sunday,Thursday,7,4,8
CA-2020-114370,2020-03-14,BN-11470,Brad Norvell,Sales,United States,Chicago,Illinois,60623.0,Central,Special Projects Muesil,Only Oats,TEC-PH-10000213,49.616,2,0.2,4.9616,2020-03-23,Brad Norvell,9 days,9,Saturday,Monday,6,1,5
CA-2019-154081,2019-05-22,JE-15610,Jim Epp,Sales,United States,Los Angeles,California,90049.0,West,Special Projects Muesil,Only Oats,TEC-PH-10001918,222.384,2,0.2,22.2384,2019-06-03,Jim Epp,12 days,12,Wednesday,Monday,3,1,8
CA-2019-140935,2019-11-10,AB-10015,Aaron Bergman,Email,United States,Oklahoma City,Oklahoma,73120.0,Central,Special Projects Muesil,Only Oats,TEC-PH-10000562,221.98,2,0.0,62.1544,2019-11-15,Aaron Bergman,5 days,5,Sunday,Friday,7,5,4
CA-2019-139934,2019-12-18,AY-10555,Andy Yotov,Sales,United States,San Francisco,California,94110.0,West,Special Projects Muesil,Only Oats,TEC-PH-10001552,66.976,7,0.2,6.6976,2019-12-23,Andy Yotov,5 days,5,Wednesday,Monday,3,1,3
CA-2019-139409,2019-09-05,FW-14395,Fred Wasserman,Sales,United States,New York City,New York,10011.0,East,Special Projects Muesil,Only Oats,TEC-PH-10003988,43.6,4,0.0,12.208,2019-09-16,Fred Wasserman,11 days,11,Thursday,Monday,4,1,7
CA-2019-127761,2019-11-10,SW-20275,Scott Williamson,Email,United States,New York City,New York,10009.0,East,Special Projects Muesil,Only Oats,TEC-PH-10003691,881.93,7,0.0,220.4825,2019-11-22,Scott Williamson,12 days,12,Sunday,Friday,7,5,9
CA-2019-100510,2019-05-12,HM-14860,Harry Marie,Sales,United States,New York City,New York,10024.0,East,Special Projects Muesil,Only Oats,TEC-PH-10001835,631.96,4,0.0,303.3408,2019-05-28,Harry Marie,16 days,16,Sunday,Tuesday,7,2,11
CA-2019-153682,2019-05-30,BG-11695,Brooke Gillingham,Sales,United States,Cincinnati,Ohio,45231.0,East,Special Projects Muesil,Organic,TEC-CO-10001046,839.988,2,0.4,69.999,2019-06-06,Brooke Gillingham,7 days,7,Thursday,Thursday,4,4,5
CA-2019-157791,2019-12-23,CA-11965,Carol Adams,Sales,United States,Warwick,Rhode Island,2886.0,East,Special Projects Muesil,Organic,TEC-CO-10002095,1999.96,4,0.0,899.982,2020-01-06,Carol Adams,14 days,14,Monday,Monday,1,1,10
CA-2019-118689,2019-10-02,TC-20980,Tamara Chand,Sales,United States,Lafayette,Indiana,47905.0,Central,Special Projects Muesil,Organic,TEC-CO-10004722,17499.95,5,0.0,8399.976,2019-10-14,Tamara Chand,12 days,12,Wednesday,Monday,3,1,8
US-2019-140158,2019-10-04,DR-12940,Daniel Raglin,Facebook,United States,Providence,Rhode Island,2908.0,East,Special Projects Muesil,Organic,TEC-CO-10001449,5399.91,9,0.0,2591.9568,2019-10-11,Daniel Raglin,7 days,7,Friday,Friday,5,5,5
CA-2019-166429,2019-09-02,TG-21310,Toby Gnade,Email,United States,Des Moines,Washington,98198.0,West,Special Projects Muesil,Organic,TEC-CO-10002095,999.98,2,0.0,449.991,2019-09-17,Toby Gnade,15 days,15,Monday,Tuesday,1,2,11
CA-2019-129630,2019-09-04,IM-15055,Ionia McGrath,Email,United States,San Francisco,California,94122.0,West,Special Projects Muesil,Organic,TEC-CO-10003763,2799.96,5,0.2,944.9865,2019-09-09,Ionia McGrath,5 days,5,Wednesday,Monday,3,1,3
CA-2019-109176,2019-05-09,JW-16075,Julia West,Email,United States,Philadelphia,Pennsylvania,19140.0,East,Power Muesli,Power Clean Fibre Boost,OFF-EN-10003134,9.344,1,0.2,3.504,2019-05-22,Julia West,13 days,13,Thursday,Wednesday,4,3,9
CA-2019-133123,2019-09-06,KB-16315,Karl Braun,Email,United States,Thomasville,North Carolina,27360.0,South,Power Muesli,Power Clean Fibre Boost,OFF-EN-10003055,95.952,3,0.2,29.985,2019-09-16,Karl Braun,10 days,10,Friday,Monday,5,1,6
CA-2020-113474,2020-03-30,TM-21490,Tony Molinari,Email,United States,Oklahoma City,Oklahoma,73120.0,Central,Power Muesli,Power Clean Fibre Boost,OFF-EN-10004206,325.86,2,0.0,149.8956,2020-04-07,Tony Molinari,8 days,8,Monday,Tuesday,1,2,6
CA-2019-101651,2019-12-24,SC-20305,Sean Christensen,Email,United States,San Jose,California,95123.0,West,Power Muesli,Power Clean Fibre Boost,OFF-EN-10001990,39.76,7,0.0,18.6872,2020-01-06,Sean Christensen,13 days,13,Tuesday,Monday,2,1,9
CA-2019-124583,2019-09-01,LB-16795,Laurel Beltran,Facebook,United States,Huntington Beach,California,92646.0,West,Power Muesli,Power Clean Fibre Boost,OFF-EN-10002500,12.78,1,0.0,5.751,2019-09-11,Laurel Beltran,10 days,10,Sunday,Wednesday,7,3,7
CA-2019-106278,2019-09-02,BM-11140,Becky Martin,Email,United States,Des Moines,Washington,98198.0,West,Power Muesli,Power Clean Fibre Boost,OFF-EN-10003567,65.94,3,0.0,30.9918,2019-09-10,Becky Martin,8 days,8,Monday,Tuesday,1,2,6
CA-2019-126270,2019-04-23,AF-10870,Art Ferguson,Email,United States,San Clemente,California,92672.0,West,Power Muesli,Power Clean Fibre Boost,OFF-EN-10004386,71.97,3,0.0,35.985,2019-05-06,Art Ferguson,13 days,13,Tuesday,Monday,2,1,9
CA-2019-166653,2019-09-22,NP-18685,Nora Pelletier,Facebook,United States,Parma,Ohio,44134.0,East,Power Muesli,Power Clean Fibre Boost,OFF-EN-10003055,63.968,2,0.2,19.99,2019-10-01,Nora Pelletier,9 days,9,Sunday,Tuesday,7,2,6
CA-2019-130225,2019-09-11,RC-19960,Ryan Crowe,Email,United States,Houston,Texas,77041.0,Central,Power Muesli,Power Clean Fibre Boost,OFF-EN-10000056,99.568,2,0.2,33.6042,2019-09-23,Ryan Crowe,12 days,12,Wednesday,Monday,3,1,8
CA-2019-164511,2019-11-19,DJ-13630,Doug Jacobs,Email,United States,New York City,New York,10024.0,East,Power Muesli,Steel Cut,OFF-ST-10002583,64.96,2,0.0,2.5984,2019-11-29,Doug Jacobs,10 days,10,Tuesday,Friday,2,5,8
CA-2019-105494,2019-11-10,PC-18745,Pamela Coakley,Sales,United States,San Francisco,California,94122.0,West,Power Muesli,Steel Cut,OFF-ST-10002205,155.82,7,0.0,42.0714,2019-11-19,Pamela Coakley,9 days,9,Sunday,Tuesday,7,2,6
CA-2019-122133,2019-05-16,JR-15670,Jim Radford,Email,United States,Middletown,Connecticut,6457.0,East,Power Muesli,Steel Cut,OFF-ST-10002574,552.56,4,0.0,0.0,2019-05-28,Jim Radford,12 days,12,Thursday,Tuesday,4,2,8
CA-2019-139885,2019-12-04,EB-13840,Ellis Ballard,Sales,United States,New York City,New York,10035.0,East,Power Muesli,Steel Cut,OFF-ST-10003324,212.88,6,0.0,0.0,2019-12-16,Ellis Ballard,12 days,12,Wednesday,Monday,3,1,8
CA-2019-109057,2019-04-22,TT-21460,Tonja Turnell,Facebook,United States,Aurora,Illinois,60505.0,Central,Power Muesli,Steel Cut,OFF-ST-10002406,23.952,2,0.2,2.3952,2019-05-07,Tonja Turnell,15 days,15,Monday,Tuesday,1,2,11
CA-2019-146836,2019-05-02,CC-12475,Cindy Chapman,Email,United States,New York City,New York,10024.0,East,Power Muesli,Steel Cut,OFF-ST-10001580,44.94,3,0.0,12.5832,2019-05-06,Cindy Chapman,4 days,4,Thursday,Monday,4,1,2
CA-2019-149979,2019-09-23,RA-19915,Russell Applegate,Email,United States,Columbus,Georgia,31907.0,South,Power Muesli,Steel Cut,OFF-ST-10003058,118.25,5,0.0,34.2925,2019-10-07,Russell Applegate,14 days,14,Monday,Monday,1,1,10
CA-2019-118759,2019-11-14,MB-17305,Maria Bertelson,Email,United States,New York City,New York,10009.0,East,Power Muesli,Steel Cut,OFF-ST-10001590,40.44,3,0.0,10.5144,2019-11-21,Maria Bertelson,7 days,7,Thursday,Thursday,4,4,5
CA-2020-116288,2020-03-12,BS-11380,Bill Stewart,Sales,United States,San Francisco,California,94122.0,West,Power Muesli,Steel Cut,OFF-ST-10000736,242.94,3,0.0,9.7176,2020-03-23,Bill Stewart,11 days,11,Thursday,Monday,4,1,7
CA-2019-116561,2019-09-11,EB-14110,Eugene Barchas,Email,United States,San Jose,California,95123.0,West,Power Muesli,Steel Cut,OFF-ST-10004186,332.94,3,0.0,6.6588,2019-09-23,Eugene Barchas,12 days,12,Wednesday,Monday,3,1,8
CA-2019-113096,2019-09-02,SZ-20035,Sam Zeldin,Facebook,United States,San Francisco,California,94122.0,West,Power Muesli,Steel Cut,OFF-ST-10003455,46.53,3,0.0,12.0978,2019-09-11,Sam Zeldin,9 days,9,Monday,Wednesday,1,3,7
CA-2019-135636,2019-10-08,DB-13615,Doug Bickford,Email,United States,Charlotte,North Carolina,28205.0,South,Power Muesli,Steel Cut,OFF-ST-10000676,387.72,5,0.2,-67.851,2019-10-21,Doug Bickford,13 days,13,Tuesday,Monday,2,1,9
CA-2019-161025,2019-12-03,GM-14440,Gary McGarr,Email,United States,Los Angeles,California,90049.0,West,Power Muesli,Steel Cut,OFF-ST-10001932,772.68,4,0.0,108.1752,2019-12-16,Gary McGarr,13 days,13,Tuesday,Monday,2,1,9
US-2019-105830,2019-12-31,DB-13660,Duane Benoit,Email,United States,Lancaster,Ohio,43130.0,East,Power Muesli,Steel Cut,OFF-ST-10002554,156.512,4,0.2,-35.2152,2020-01-07,Duane Benoit,7 days,7,Tuesday,Tuesday,2,2,5
US-2019-152373,2019-09-05,PT-19090,Pete Takahito,Email,United States,San Antonio,Texas,78207.0,Central,Power Muesli,Steel Cut,OFF-ST-10003479,93.456,3,0.2,-17.523,2019-09-17,Pete Takahito,12 days,12,Thursday,Tuesday,4,2,8
CA-2020-145807,2020-02-09,SB-20170,Sarah Bern,Email,United States,Los Angeles,California,90032.0,West,Power Muesli,Steel Cut,OFF-ST-10001370,354.9,5,0.0,17.745,2020-02-25,Sarah Bern,16 days,16,Sunday,Tuesday,7,2,11
CA-2019-101791,2019-05-27,BS-11665,Brian Stugart,Email,United States,Chicago,Illinois,60623.0,Central,Power Muesli,Steel Cut,OFF-ST-10001496,1297.368,9,0.2,97.3026,2019-06-06,Brian Stugart,10 days,10,Monday,Thursday,1,4,8
CA-2019-116337,2019-11-07,MC-17845,Michael Chen,Email,United States,Dallas,Texas,75220.0,Central,Power Muesli,Steel Cut,OFF-ST-10001272,314.088,3,0.2,19.6305,2019-11-18,Michael Chen,11 days,11,Thursday,Monday,4,1,7
CA-2019-106075,2019-09-18,HM-14980,Henry MacAllister,Email,United States,New York City,New York,10009.0,East,Power Muesli,Super Fibre Boost,OFF-BI-10004654,4.616,1,0.2,1.731,2019-09-30,Henry MacAllister,12 days,12,Wednesday,Monday,3,1,8
CA-2019-105018,2019-11-28,SK-19990,Sally Knutson,Email,United States,Fairfield,Connecticut,6824.0,East,Power Muesli,Super Fibre Boost,OFF-BI-10001890,7.16,2,0.0,3.4368,2019-12-09,Sally Knutson,11 days,11,Thursday,Monday,4,1,7
CA-2019-145499,2019-05-30,RW-19690,Robert Waldorf,Email,United States,Wilmington,North Carolina,28403.0,South,Power Muesli,Super Fibre Boost,OFF-BI-10000848,3.282,2,0.7,-2.6256,2019-06-05,Robert Waldorf,6 days,6,Thursday,Wednesday,4,3,4
CA-2019-110023,2019-09-09,TS-21610,Troy Staebel,Email,United States,New York City,New York,10024.0,East,Power Muesli,Super Fibre Boost,OFF-BI-10001036,14.624,2,0.2,5.484,2019-09-16,Troy Staebel,7 days,7,Monday,Monday,1,1,5
CA-2019-154788,2019-04-30,JL-15835,John Lee,Email,United States,New York City,New York,10011.0,East,Power Muesli,Super Fibre Boost,OFF-BI-10003314,7.712,2,0.2,2.7956,2019-05-13,John Lee,13 days,13,Tuesday,Monday,2,1,9
CA-2019-167507,2019-12-22,SA-20830,Sue Ann Reed,Email,United States,Redmond,Oregon,97756.0,West,Power Muesli,Super Fibre Boost,OFF-BI-10003694,31.32,10,0.7,-25.056,2020-01-06,Sue Ann Reed,15 days,15,Sunday,Monday,7,1,10
US-2019-150567,2019-05-17,RP-19855,Roy Phan,Sales,United States,Apopka,Florida,32712.0,South,Power Muesli,Super Fibre Boost,OFF-BI-10001757,2.952,2,0.7,-2.1648,2019-05-27,Roy Phan,10 days,10,Friday,Monday,5,1,6
US-2019-146570,2019-05-15,SN-20710,Steve Nguyen,Facebook,United States,Jackson,Mississippi,39212.0,South,Power Muesli,Super Fibre Boost,OFF-BI-10001718,511.84,8,0.0,240.5648,2019-05-28,Steve Nguyen,13 days,13,Wednesday,Tuesday,3,2,9
US-2020-168690,2020-01-07,TS-21085,Thais Sissman,Email,United States,Ormond Beach,Florida,32174.0,South,Power Muesli,Super Fibre Boost,OFF-BI-10000145,2.808,3,0.7,-1.9656,2020-01-20,Thais Sissman,13 days,13,Tuesday,Monday,2,1,9
CA-2019-126935,2019-05-19,BT-11395,Bill Tyler,Sales,United States,San Francisco,California,94109.0,West,Power Muesli,Super Fibre Boost,OFF-BI-10004817,9.584,1,0.2,3.3544,2019-06-03,Bill Tyler,15 days,15,Sunday,Monday,7,1,10
CA-2019-131576,2019-11-22,RD-19585,Rob Dowd,Email,United States,Detroit,Michigan,48205.0,Central,Power Muesli,Super Fibre Boost,OFF-BI-10002852,49.44,3,0.0,24.2256,2019-12-02,Rob Dowd,10 days,10,Friday,Monday,5,1,6
CA-2019-160500,2019-05-05,DM-13015,Darrin Martin,Email,United States,Encinitas,California,92024.0,West,Power Muesli,Super Fibre Boost,OFF-BI-10003784,6.72,5,0.2,2.352,2019-05-14,Darrin Martin,9 days,9,Sunday,Tuesday,7,2,6
CA-2019-123617,2019-11-28,AJ-10780,Anthony Jacobs,Sales,United States,Palm Coast,Florida,32137.0,South,Power Muesli,Super Fibre Boost,OFF-BI-10002976,7.434,6,0.7,-5.6994,2019-12-09,Anthony Jacobs,11 days,11,Thursday,Monday,4,1,7
CA-2019-138933,2019-04-24,JL-15130,Jack Lebron,Email,United States,Riverside,California,92503.0,West,Power Muesli,Super Fibre Boost,OFF-BI-10003355,3.984,1,0.2,1.3944,2019-05-03,Jack Lebron,9 days,9,Wednesday,Friday,3,5,7
CA-2019-154536,2019-09-05,JC-15340,Jasper Cacioppo,Email,United States,Philadelphia,Pennsylvania,19120.0,East,Power Muesli,Super Fibre Boost,OFF-BI-10004410,9.555,5,0.7,-7.3255,2019-09-16,Jasper Cacioppo,11 days,11,Thursday,Monday,4,1,7
CA-2020-125878,2020-02-25,MH-18025,Michelle Huthwaite,Email,United States,Chicago,Illinois,60623.0,Central,Power Muesli,Super Fibre Boost,OFF-BI-10002609,1.788,3,0.8,-3.0396,2020-03-09,Michelle Huthwaite,13 days,13,Tuesday,Monday,2,1,9
CA-2019-145303,2019-08-28,TP-21415,Tom Prescott,Email,United States,Dallas,Texas,75081.0,Central,Power Muesli,Super Fibre Boost,OFF-BI-10000050,13.14,9,0.8,-21.681,2019-09-10,Tom Prescott,13 days,13,Wednesday,Tuesday,3,2,9
CA-2019-108644,2019-09-30,SJ-20215,Sarah Jordon,Email,United States,Quincy,Illinois,62301.0,Central,Power Muesli,Super Fibre Boost,OFF-BI-10000343,1.964,2,0.8,-3.2406,2019-10-07,Sarah Jordon,7 days,7,Monday,Monday,1,1,5
CA-2019-119935,2019-11-10,KM-16225,Kalyca Meade,Sales,United States,Springfield,Missouri,65807.0,Central,Power Muesli,Super Fibre Boost,OFF-BI-10001597,81.96,2,0.0,39.3408,2019-11-21,Kalyca Meade,11 days,11,Sunday,Thursday,7,4,8
CA-2019-152408,2019-05-15,TT-21220,Thomas Thornton,Email,United States,New York City,New York,10035.0,East,Power Muesli,Super Fibre Boost,OFF-BI-10002393,13.776,3,0.2,4.4772,2019-05-27,Thomas Thornton,12 days,12,Wednesday,Monday,3,1,8
CA-2019-141180,2019-05-15,DP-13000,Darren Powers,Email,United States,Fort Lauderdale,Florida,33311.0,South,Power Muesli,Super Fibre Boost,OFF-BI-10000301,7.764,4,0.7,-5.176,2019-05-27,Darren Powers,12 days,12,Wednesday,Monday,3,1,8
CA-2019-138037,2019-09-29,AR-10540,Andy Reiter,Email,United States,San Francisco,California,94109.0,West,Power Muesli,Super Fibre Boost,OFF-BI-10002982,27.24,5,0.2,9.534,2019-10-11,Andy Reiter,12 days,12,Sunday,Friday,7,5,9
CA-2019-163202,2019-09-27,BM-11650,Brian Moss,Sales,United States,Lancaster,Ohio,43130.0,East,Power Muesli,Super Fibre Boost,OFF-BI-10002764,2.907,3,0.7,-2.0349,2019-10-07,Brian Moss,10 days,10,Friday,Monday,5,1,6
CA-2019-121356,2019-11-20,SJ-20500,Shirley Jackson,Email,United States,Newark,Delaware,19711.0,East,Power Muesli,Super Fibre Boost,OFF-BI-10002133,128.4,3,0.0,62.916,2019-12-02,Shirley Jackson,12 days,12,Wednesday,Monday,3,1,8
CA-2020-115070,2020-04-10,MG-18205,Mitch Gastineau,Sales,United States,Jacksonville,Florida,32216.0,South,Power Muesli,Super Fibre Boost,OFF-BI-10003712,4.419,3,0.7,-3.0933,2020-04-21,Mitch Gastineau,11 days,11,Friday,Tuesday,5,2,7
US-2019-115952,2019-10-06,JH-15910,Jonathan Howell,Email,United States,Tulsa,Oklahoma,74133.0,Central,Power Muesli,Super Fibre Boost,OFF-BI-10004654,28.85,5,0.0,14.425,2019-10-10,Jonathan Howell,4 days,4,Sunday,Thursday,7,4,3
CA-2019-168921,2019-10-20,AG-10495,Andrew Gjertsen,Sales,United States,Los Angeles,California,90049.0,West,Power Muesli,Super Fibre Boost,OFF-BI-10004209,19.296,3,0.2,6.03,2019-10-28,Andrew Gjertsen,8 days,8,Sunday,Monday,7,1,5
US-2019-102239,2019-05-05,LW-16990,Lindsay Williams,Sales,United States,Henderson,Nevada,89015.0,West,Power Muesli,Super Fibre Boost,OFF-BI-10001890,5.728,2,0.2,2.0048,2019-05-13,Lindsay Williams,8 days,8,Sunday,Monday,7,1,5
CA-2019-116918,2019-10-01,JK-15205,Jamie Kunitz,Email,United States,Hialeah,Florida,33012.0,South,Power Muesli,Super Fibre Boost,OFF-BI-10004140,5.388,4,0.7,-4.49,2019-10-14,Jamie Kunitz,13 days,13,Tuesday,Monday,2,1,9
CA-2019-162383,2019-09-05,MD-17350,Maribeth Dona,Email,United States,Lancaster,Ohio,43130.0,East,Power Muesli,Super Fibre Boost,OFF-BI-10002824,8.952,2,0.7,-7.46,2019-09-19,Maribeth Dona,14 days,14,Thursday,Thursday,4,4,10
CA-2019-113600,2019-12-15,SH-20395,Shahid Hopkins,Email,United States,Cuyahoga Falls,Ohio,44221.0,East,Power Muesli,Super Fibre Boost,OFF-BI-10000201,2.214,3,0.7,-1.476,2019-12-23,Shahid Hopkins,8 days,8,Sunday,Monday,7,1,5
CA-2019-116722,2019-11-11,LP-17080,Liz Pelletier,Email,United States,San Francisco,California,94110.0,West,Power Muesli,Super Fibre Boost,OFF-BI-10001890,31.504,11,0.2,11.0264,2019-11-25,Liz Pelletier,14 days,14,Monday,Monday,1,1,10
US-2019-149790,2019-09-26,SC-20380,Shahid Collister,Email,United States,Houston,Texas,77095.0,Central,Power Muesli,Super Fibre Boost,OFF-BI-10002026,15.624,2,0.8,-24.9984,2019-10-08,Shahid Collister,12 days,12,Thursday,Tuesday,4,2,8
CA-2019-168557,2019-09-19,FH-14275,Frank Hawley,Sales,United States,San Francisco,California,94122.0,West,Power Muesli,Super Fibre Boost,OFF-BI-10002309,8.928,2,0.2,3.1248,2019-09-30,Frank Hawley,11 days,11,Thursday,Monday,4,1,7
US-2019-117387,2019-10-27,PA-19060,Pete Armstrong,Facebook,United States,San Francisco,California,94122.0,West,Power Muesli,Super Fibre Boost,OFF-BI-10004308,67.136,4,0.2,25.176,2019-11-08,Pete Armstrong,12 days,12,Sunday,Friday,7,5,9
US-2020-148551,2020-01-12,DB-13120,David Bremer,Sales,United States,Dallas,Texas,75217.0,Central,Power Muesli,Super Fibre Boost,OFF-BI-10000545,760.98,5,0.8,-1141.47,2020-01-22,David Bremer,10 days,10,Sunday,Wednesday,7,3,7
CA-2019-116911,2019-09-15,JD-16150,Justin Deggeller,Sales,United States,Twin Falls,Idaho,83301.0,West,Power Muesli,Super Fibre Boost,OFF-BI-10001249,20.416,4,0.2,6.6352,2019-09-30,Justin Deggeller,15 days,15,Sunday,Monday,7,1,10
CA-2019-126102,2019-09-10,DV-13465,Dianna Vittorini,Email,United States,Los Angeles,California,90049.0,West,Power Muesli,Super Fibre Boost,OFF-BI-10004318,276.784,2,0.2,89.9548,2019-09-18,Dianna Vittorini,8 days,8,Tuesday,Wednesday,2,3,6
CA-2020-124114,2020-03-02,RS-19765,Roland Schwarz,Sales,United States,Waco,Texas,76706.0,Central,Power Muesli,Super Fibre Boost,OFF-BI-10004022,0.556,1,0.8,-0.9452,2020-03-06,Roland Schwarz,4 days,4,Monday,Friday,1,5,4
CA-2020-111738,2020-01-03,CM-12385,Christopher Martinez,Email,United States,San Francisco,California,94110.0,West,Power Muesli,Super Fibre Boost,OFF-BI-10004584,2022.272,8,0.2,682.5168,2020-01-10,Christopher Martinez,7 days,7,Friday,Friday,5,5,5
CA-2019-125920,2019-05-21,SH-19975,Sally Hughsby,Sales,United States,Chicago,Illinois,60610.0,Central,Power Muesli,Super Fibre Boost,OFF-BI-10003429,3.798,3,0.8,-5.8869,2019-06-03,Sally Hughsby,13 days,13,Tuesday,Monday,2,1,9
CA-2019-106341,2019-10-20,LF-17185,Luke Foster,Email,United States,Newark,Ohio,43055.0,East,Power Muesli,Super Mega Protein,OFF-AR-10002053,7.152,3,0.2,0.7152,2019-10-30,Luke Foster,10 days,10,Sunday,Wednesday,7,3,7
CA-2019-113747,2019-05-28,VD-21670,Valerie Dominguez,Email,United States,Jackson,Mississippi,39212.0,South,Power Muesli,Super Mega Protein,OFF-AR-10003373,185.88,6,0.0,50.1876,2019-06-10,Valerie Dominguez,13 days,13,Tuesday,Monday,2,1,9
US-2019-132857,2019-12-11,CA-12775,Cynthia Arntzen,Email,United States,Smyrna,Tennessee,37167.0,South,Power Muesli,Super Mega Protein,OFF-AR-10003251,6.672,3,0.2,1.668,2019-12-23,Cynthia Arntzen,12 days,12,Wednesday,Monday,3,1,8
CA-2019-137736,2019-11-10,DC-13285,Debra Catini,Email,United States,Warner Robins,Georgia,31088.0,South,Power Muesli,Super Mega Protein,OFF-AR-10004999,41.86,7,0.0,10.465,2019-11-25,Debra Catini,15 days,15,Sunday,Monday,7,1,10
US-2019-129469,2019-09-23,KL-16555,Kelly Lampkin,Sales,United States,Fairfield,Ohio,45014.0,East,Power Muesli,Super Mega Protein,OFF-AR-10000315,4.912,2,0.2,0.307,2019-10-03,Kelly Lampkin,10 days,10,Monday,Thursday,1,4,8
CA-2019-105900,2019-09-17,BS-11590,Brendan Sweed,Sales,United States,Columbus,Indiana,47201.0,Central,Power Muesli,Super Mega Protein,OFF-AR-10002656,33.4,5,0.0,12.358,2019-09-30,Brendan Sweed,13 days,13,Tuesday,Monday,2,1,9
CA-2019-125815,2019-10-28,DL-13330,Denise Leinenbach,Email,United States,New York City,New York,10009.0,East,Power Muesli,Super Mega Protein,OFF-AR-10004441,12.42,3,0.0,5.2164,2019-11-08,Denise Leinenbach,11 days,11,Monday,Friday,1,5,9
CA-2020-129707,2020-04-25,LH-16750,Larry Hughes,Email,United States,Chandler,Arizona,85224.0,West,Power Muesli,Super Mega Protein,OFF-AR-10000246,8.896,4,0.2,0.6672,2020-05-08,Larry Hughes,13 days,13,Saturday,Friday,6,5,9
CA-2019-161158,2019-05-09,PS-18970,Paul Stevenson,Facebook,United States,New York City,New York,10024.0,East,Power Muesli,Super Mega Protein,OFF-AR-10000462,8.0,5,0.0,3.44,2019-05-20,Paul Stevenson,11 days,11,Thursday,Monday,4,1,7
CA-2019-114748,2019-10-09,MZ-17335,Maria Zettner,Facebook,United States,Phoenix,Arizona,85023.0,West,Power Muesli,Super Mega Protein,OFF-AR-10001315,1.408,1,0.2,0.1584,2019-10-21,Maria Zettner,12 days,12,Wednesday,Monday,3,1,8
CA-2019-159765,2019-05-09,TH-21100,Thea Hendricks,Email,United States,Salem,Virginia,24153.0,South,Power Muesli,Super Mega Protein,OFF-AR-10003514,27.86,7,0.0,9.1938,2019-05-22,Thea Hendricks,13 days,13,Thursday,Wednesday,4,3,9
CA-2019-138583,2019-05-24,DP-13390,Dennis Pardue,Facebook,United States,Philadelphia,Pennsylvania,19120.0,East,Power Muesli,Super Mega Protein,OFF-AR-10001860,16.656,3,0.2,3.3312,2019-06-03,Dennis Pardue,10 days,10,Friday,Monday,5,1,6
CA-2019-163951,2019-12-30,CJ-11875,Carl Jackson,Sales,United States,Philadelphia,Pennsylvania,19140.0,East,Power Muesli,Super Mega Protein,OFF-AR-10004269,16.52,5,0.2,1.652,2020-01-08,Carl Jackson,9 days,9,Monday,Wednesday,1,3,7
CA-2019-163636,2019-12-05,MP-18175,Mike Pelletier,Facebook,United States,Chicago,Illinois,60623.0,Central,Power Muesli,Super Mega Protein,OFF-AR-10001547,3.536,2,0.2,0.3094,2019-12-16,Mike Pelletier,11 days,11,Thursday,Monday,4,1,7
CA-2019-104689,2019-12-01,FH-14365,Fred Hopkins,Sales,United States,Los Angeles,California,90004.0,West,Power Muesli,Super Mega Protein,OFF-AR-10001149,23.04,8,0.0,6.912,2019-12-12,Fred Hopkins,11 days,11,Sunday,Thursday,7,4,8
CA-2019-103128,2019-11-11,SC-20845,Sung Chung,Email,United States,Arlington Heights,Illinois,60004.0,Central,Power Muesli,Super Mega Protein,OFF-AR-10003394,14.112,6,0.2,1.2348,2019-11-25,Sung Chung,14 days,14,Monday,Monday,1,1,10
CA-2019-160479,2019-09-15,AH-10585,Angele Hood,Email,United States,Seattle,Washington,98105.0,West,Power Muesli,Super Mega Protein,OFF-AR-10002445,35.4,5,0.0,13.452,2019-09-30,Angele Hood,15 days,15,Sunday,Monday,7,1,10
CA-2019-101329,2019-04-22,MM-17920,Michael Moore,Email,United States,Rome,New York,13440.0,East,Power Muesli,Super Mega Protein,OFF-AR-10000614,32.13,9,0.0,8.3538,2019-05-08,Michael Moore,16 days,16,Monday,Wednesday,1,3,12
CA-2019-113390,2019-10-11,EP-13915,Emily Phan,Email,United States,Chicago,Illinois,60610.0,Central,Power Muesli,Super Mega Protein,OFF-AR-10003183,5.344,2,0.2,0.668,2019-10-21,Emily Phan,10 days,10,Friday,Monday,5,1,6
US-2019-100839,2019-10-13,NC-18625,Noah Childs,Sales,United States,Aurora,Colorado,80013.0,West,Toasted Muesli,Sweetened,FUR-TA-10004575,727.45,5,0.5,-465.568,2019-10-23,Noah Childs,10 days,10,Sunday,Wednesday,7,3,7
CA-2019-126165,2019-05-05,AH-10465,Amy Hunt,Email,United States,San Francisco,California,94109.0,West,Toasted Muesli,Sweetened,FUR-TA-10001676,71.088,2,0.2,-1.7772,2019-05-14,Amy Hunt,9 days,9,Sunday,Tuesday,7,2,6
CA-2019-125080,2019-10-21,VW-21775,Victoria Wilson,Sales,United States,Lakewood,Ohio,44107.0,East,Toasted Muesli,Sweetened,FUR-TA-10003238,661.176,2,0.4,-231.4116,2019-11-04,Victoria Wilson,14 days,14,Monday,Monday,1,1,10
CA-2019-131296,2019-10-04,MS-17830,Melanie Seite,Email,United States,Baltimore,Maryland,21215.0,East,Toasted Muesli,Sweetened,FUR-TA-10002622,239.372,2,0.3,-23.9372,2019-10-17,Melanie Seite,13 days,13,Friday,Thursday,5,4,9
CA-2019-102092,2019-12-09,PM-18940,Paul MacIntyre,Email,United States,Springfield,Virginia,22153.0,South,Toasted Muesli,Sweetened,FUR-TA-10002530,1056.86,7,0.0,158.529,2019-12-16,Paul MacIntyre,7 days,7,Monday,Monday,1,1,5
CA-2019-152156,2019-11-08,CG-12520,Claire Gute,Email,United States,Henderson,Kentucky,42420.0,South,Toasted Muesli,With Fruit,FUR-BO-10001798,261.96,2,0.0,41.9136,2019-11-18,Claire Gute,10 days,10,Friday,Monday,5,1,6
CA-2019-143749,2019-12-05,AG-10300,Aleksandra Gannaway,Sales,United States,Franklin,Massachusetts,2038.0,East,Toasted Muesli,With Fruit,FUR-BO-10002853,81.94,1,0.0,20.485,2019-12-13,Aleksandra Gannaway,8 days,8,Thursday,Friday,4,5,6
US-2020-139647,2020-05-11,TS-21370,Todd Sumrall,Sales,United States,Phoenix,Arizona,85023.0,West,Toasted Muesli,With Fruit,FUR-BO-10004467,209.979,7,0.7,-356.9643,2020-05-15,Todd Sumrall,4 days,4,Monday,Friday,1,5,4
CA-2019-166772,2019-09-20,HJ-14875,Heather Jas,Facebook,United States,Seattle,Washington,98105.0,West,Toasted Muesli,With Fruit,FUR-BO-10002853,163.88,2,0.0,40.97,2019-09-30,Heather Jas,10 days,10,Friday,Monday,5,1,6
CA-2019-152632,2019-10-27,JE-15475,Jeremy Ellison,Email,United States,Troy,New York,12180.0,East,Toasted Muesli,With Fruit and Nuts,FUR-FU-10002671,40.2,3,0.0,19.296,2019-11-11,Jeremy Ellison,15 days,15,Sunday,Monday,7,1,10
CA-2020-107503,2020-01-01,GA-14725,Guy Armstrong,Email,United States,Lorain,Ohio,44052.0,East,Toasted Muesli,With Fruit and Nuts,FUR-FU-10003878,48.896,4,0.2,8.5568,2020-01-13,Guy Armstrong,12 days,12,Wednesday,Monday,3,1,8
CA-2019-113061,2019-04-22,EL-13735,Ed Ludwig,Facebook,United States,Jefferson City,Missouri,65109.0,Central,Toasted Muesli,With Fruit and Nuts,FUR-FU-10003975,86.62,2,0.0,8.662,2019-05-06,Ed Ludwig,14 days,14,Monday,Monday,1,1,10
CA-2019-142762,2019-05-23,LD-17005,Lisa DeCherney,Email,United States,San Francisco,California,94109.0,West,Toasted Muesli,With Fruit and Nuts,FUR-FU-10003691,37.05,3,0.0,16.302,2019-06-03,Lisa DeCherney,11 days,11,Thursday,Monday,4,1,7
CA-2019-164672,2019-05-08,GB-14530,George Bell,Sales,United States,Dover,Delaware,19901.0,East,Toasted Muesli,With Fruit and Nuts,FUR-FU-10001488,211.96,2,0.0,42.392,2019-05-20,George Bell,12 days,12,Wednesday,Monday,3,1,8
CA-2019-149461,2019-11-13,AS-10135,Adrian Shami,Facebook,United States,Auburn,Washington,98002.0,West,Toasted Muesli,With Fruit and Nuts,FUR-FU-10004270,4.18,1,0.0,1.5048,2019-11-25,Adrian Shami,12 days,12,Wednesday,Monday,3,1,8
CA-2019-141019,2019-05-14,LH-17155,Logan Haushalter,Email,United States,Cincinnati,Ohio,45231.0,East,Toasted Muesli,With Fruit and Nuts,FUR-FU-10002937,79.384,1,0.2,29.769,2019-05-20,Logan Haushalter,6 days,6,Tuesday,Monday,2,1,4
CA-2019-144792,2019-04-30,KD-16615,Ken Dana,Sales,United States,Scottsdale,Arizona,85254.0,West,Toasted Muesli,With Fruit and Nuts,FUR-FU-10002759,111.888,7,0.2,22.3776,2019-05-13,Ken Dana,13 days,13,Tuesday,Monday,2,1,9
US-2019-126844,2019-10-08,BW-11110,Bart Watters,Sales,United States,Houston,Texas,77070.0,Central,Toasted Muesli,With Fruit and Nuts,FUR-FU-10004909,51.712,8,0.6,-32.32,2019-10-21,Bart Watters,13 days,13,Tuesday,Monday,2,1,9
CA-2019-130799,2019-11-11,BK-11260,Berenike Kampe,Email,United States,San Francisco,California,94110.0,West,Toasted Muesli,With Fruit and Nuts,FUR-FU-10001852,6.96,4,0.0,2.2272,2019-11-25,Berenike Kampe,14 days,14,Monday,Monday,1,1,10
CA-2019-166443,2019-11-04,LH-17020,Lisa Hazard,Email,United States,San Francisco,California,94122.0,West,Toasted Muesli,With Fruit and Nuts,FUR-FU-10004020,38.29,7,0.0,16.4647,2019-11-11,Lisa Hazard,7 days,7,Monday,Monday,1,1,5
CA-2019-146682,2019-10-29,KW-16435,Katrina Willman,Email,United States,Lansing,Michigan,48911.0,Central,Toasted Muesli,With Fruit and Nuts,FUR-FU-10002671,67.0,5,0.0,32.16,2019-11-07,Katrina Willman,9 days,9,Tuesday,Thursday,2,4,7
US-2019-150035,2019-12-01,CL-11890,Carl Ludwig,Email,United States,San Francisco,California,94122.0,West,Toasted Muesli,With Fruit and Nuts,FUR-FU-10003724,16.74,2,0.0,4.3524,2019-12-16,Carl Ludwig,15 days,15,Sunday,Monday,7,1,10
CA-2019-120355,2019-09-18,MM-17260,Magdelene Morse,Email,United States,New Rochelle,New York,10801.0,East,Toasted Muesli,With Fruit and Nuts,FUR-FU-10004053,60.72,3,0.0,26.1096,2019-10-01,Magdelene Morse,13 days,13,Wednesday,Tuesday,3,2,9
CA-2020-113208,2020-03-26,ML-18040,Michelle Lonsdale,Sales,United States,Dearborn,Michigan,48126.0,Central,Toasted Muesli,With Fruit and Nuts,FUR-FU-10004245,60.84,3,0.0,23.1192,2020-04-08,Michelle Lonsdale,13 days,13,Thursday,Wednesday,4,3,9
CA-2019-101168,2019-12-25,SS-20140,Saphhira Shifley,Sales,United States,Nashua,New Hampshire,3060.0,East,Toasted Muesli,With Fruit and Nuts,FUR-FU-10003142,21.12,4,0.0,6.5472,2020-01-07,Saphhira Shifley,13 days,13,Wednesday,Tuesday,3,2,9
CA-2019-103919,2019-10-03,TP-21565,Tracy Poddar,Sales,United States,Grand Prairie,Texas,75051.0,Central,Toasted Muesli,With Fruit and Nuts,FUR-FU-10001756,38.08,5,0.6,-29.512,2019-10-14,Tracy Poddar,11 days,11,Thursday,Monday,4,1,7
US-2019-155404,2019-09-22,AS-10630,Ann Steele,Facebook,United States,Louisville,Kentucky,40214.0,South,Toasted Muesli,With Fruit and Nuts,FUR-FU-10004586,13.28,2,0.0,6.3744,2019-10-07,Ann Steele,15 days,15,Sunday,Monday,7,1,10
CA-2019-129847,2019-09-02,TA-21385,Tom Ashbrook,Facebook,United States,Chicago,Illinois,60653.0,Central,Toasted Muesli,With Fruit and Nuts,FUR-FU-10000277,84.272,2,0.6,-75.8448,2019-09-10,Tom Ashbrook,8 days,8,Monday,Tuesday,1,2,6
CA-2019-120369,2019-10-28,VB-21745,Victoria Brennan,Sales,United States,Rochester,New York,14609.0,East,Toasted Muesli,With Fruit and Nuts,FUR-FU-10003806,756.8,5,0.0,75.68,2019-10-31,Victoria Brennan,3 days,3,Monday,Thursday,1,4,3
CA-2019-167605,2019-04-28,RB-19570,Rob Beeghly,Email,United States,Saint Charles,Illinois,60174.0,Central,Toasted Muesli,With Fruit and Nuts,FUR-FU-10001602,30.344,2,0.6,-31.8612,2019-05-07,Rob Beeghly,9 days,9,Sunday,Tuesday,7,2,6
CA-2020-126634,2020-03-30,AB-10165,Alan Barnes,Email,United States,Lakewood,California,90712.0,West,Toasted Muesli,With Fruit and Nuts,FUR-FU-10004973,94.2,5,0.0,39.564,2020-04-08,Alan Barnes,9 days,9,Monday,Wednesday,1,3,7
US-2019-152415,2019-09-17,PO-18865,Patrick O'Donnell,Email,United States,Marlborough,Massachusetts,1752.0,East,Toasted Muesli,With Fruit and Nuts,FUR-FU-10002597,14.82,3,0.0,6.2244,2019-09-30,Patrick O'Donnell,13 days,13,Tuesday,Monday,2,1,9
CA-2019-126858,2019-11-19,JM-15265,Janet Molinari,Sales,United States,Seattle,Washington,98115.0,West,Toasted Muesli,With Fruit and Nuts,FUR-FU-10000448,31.96,2,0.0,1.598,2019-12-02,Janet Molinari,13 days,13,Tuesday,Monday,2,1,9
CA-2019-137393,2019-05-06,GM-14500,Gene McClure,Email,United States,Bakersfield,California,93309.0,West,Toasted Muesli,With Fruit and Nuts,FUR-FU-10001617,41.6,4,0.0,14.144,2019-05-17,Gene McClure,11 days,11,Monday,Friday,1,5,9
CA-2019-157245,2019-05-19,LE-16810,Laurel Elliston,Email,United States,Arlington,Virginia,22204.0,South,Toasted Muesli,With Nuts,FUR-CH-10003746,641.96,2,0.0,179.7488,2019-06-03,Laurel Elliston,15 days,15,Sunday,Monday,7,1,10
CA-2019-144939,2019-10-03,EB-13870,Emily Burns,Email,United States,New York City,New York,10035.0,East,Toasted Muesli,With Nuts,FUR-CH-10003199,599.292,6,0.1,93.2232,2019-10-14,Emily Burns,11 days,11,Thursday,Monday,4,1,7
CA-2019-120873,2019-10-27,BW-11200,Ben Wallace,Email,United States,Hampton,Virginia,23666.0,South,Toasted Muesli,With Nuts,FUR-CH-10000847,290.98,1,0.0,75.6548,2019-11-11,Ben Wallace,15 days,15,Sunday,Monday,7,1,10
CA-2019-115378,2019-11-18,AJ-10945,Ashley Jarboe,Email,United States,Taylor,Michigan,48180.0,Central,Toasted Muesli,With Nuts,FUR-CH-10000863,301.96,2,0.0,33.2156,2019-12-02,Ashley Jarboe,14 days,14,Monday,Monday,1,1,10
CA-2020-135076,2020-04-13,YS-21880,Yana Sorensen,Sales,United States,Hesperia,California,92345.0,West,Toasted Muesli,With Nuts,FUR-CH-10003774,436.704,6,0.2,-38.2116,2020-04-27,Yana Sorensen,14 days,14,Monday,Monday,1,1,10
CA-2019-109400,2019-05-02,NR-18550,Nick Radford,Email,United States,Amarillo,Texas,79109.0,Central,Toasted Muesli,With Nuts,FUR-CH-10003298,366.744,4,0.3,-110.0232,2019-05-13,Nick Radford,11 days,11,Thursday,Monday,4,1,7
CA-2019-113341,2019-11-25,MH-17455,Mark Hamilton,Email,United States,Los Angeles,California,90032.0,West,Toasted Muesli,With Nuts,FUR-CH-10004698,194.352,3,0.2,19.4352,2019-12-09,Mark Hamilton,14 days,14,Monday,Monday,1,1,10
CA-2019-162159,2019-09-16,CR-12625,Corey Roper,Facebook,United States,Columbus,Georgia,31907.0,South,Toasted Muesli,With Nuts,FUR-CH-10001146,121.78,2,0.0,30.445,2019-09-23,Corey Roper,7 days,7,Monday,Monday,1,1,5
CA-2019-146913,2019-10-31,SF-20965,Sylvia Foulston,Sales,United States,San Francisco,California,94109.0,West,Toasted Muesli,With Nuts,FUR-CH-10001854,1403.92,5,0.2,70.196,2019-11-11,Sylvia Foulston,11 days,11,Thursday,Monday,4,1,7
